faculty_key,source,snapshot_date,metric_year,works_count,cited_by_count,h_index,i10_index,two_yr_mean_citedness
mcknight_p,openalex,2026-07-12,1986,1,0,NA,NA,NA
mcknight_p,openalex,2026-07-12,1991,1,0,NA,NA,NA
mcknight_p,openalex,2026-07-12,1992,1,0,NA,NA,NA
mcknight_p,openalex,2026-07-12,1996,3,0,NA,NA,NA
mcknight_p,openalex,2026-07-12,1997,1,0,NA,NA,NA
mcknight_p,openalex,2026-07-12,2000,2,0,NA,NA,NA
mcknight_p,openalex,2026-07-12,2001,1,0,NA,NA,NA
mcknight_p,openalex,2026-07-12,2002,3,0,NA,NA,NA
mcknight_p,openalex,2026-07-12,2003,3,0,NA,NA,NA
mcknight_p,openalex,2026-07-12,2004,5,0,NA,NA,NA
mcknight_p,openalex,2026-07-12,2005,5,0,NA,NA,NA
mcknight_p,openalex,2026-07-12,2006,2,0,NA,NA,NA
mcknight_p,openalex,2026-07-12,2007,2,0,NA,NA,NA
mcknight_p,openalex,2026-07-12,2008,2,0,NA,NA,NA
mcknight_p,openalex,2026-07-12,2009,8,0,NA,NA,NA
mcknight_p,openalex,2026-07-12,2010,9,0,NA,NA,NA
mcknight_p,openalex,2026-07-12,2011,8,0,NA,NA,NA
mcknight_p,openalex,2026-07-12,2012,5,240,NA,NA,NA
mcknight_p,openalex,2026-07-12,2013,10,301,NA,NA,NA
mcknight_p,openalex,2026-07-12,2014,4,357,NA,NA,NA
mcknight_p,openalex,2026-07-12,2015,10,387,NA,NA,NA
mcknight_p,openalex,2026-07-12,2016,6,355,NA,NA,NA
mcknight_p,openalex,2026-07-12,2017,9,371,NA,NA,NA
mcknight_p,openalex,2026-07-12,2018,13,469,NA,NA,NA
mcknight_p,openalex,2026-07-12,2019,8,596,NA,NA,NA
mcknight_p,openalex,2026-07-12,2020,12,816,NA,NA,NA
mcknight_p,openalex,2026-07-12,2021,4,831,NA,NA,NA
mcknight_p,openalex,2026-07-12,2022,2,822,NA,NA,NA
mcknight_p,openalex,2026-07-12,2023,5,883,NA,NA,NA
mcknight_p,openalex,2026-07-12,2024,6,989,NA,NA,NA
mcknight_p,openalex,2026-07-12,2025,4,919,NA,NA,NA
mcknight_p,openalex,2026-07-12,2026,2,506,NA,NA,NA
mcknight_p,openalex,2026-07-12,lifetime,157,10029,45,77,NA
adams_l,openalex,2026-07-12,1972,1,0,NA,NA,NA
adams_l,openalex,2026-07-12,2000,2,0,NA,NA,NA
adams_l,openalex,2026-07-12,2006,1,0,NA,NA,NA
adams_l,openalex,2026-07-12,2010,1,0,NA,NA,NA
adams_l,openalex,2026-07-12,2013,3,3,NA,NA,NA
adams_l,openalex,2026-07-12,2015,2,19,NA,NA,NA
adams_l,openalex,2026-07-12,2016,1,16,NA,NA,NA
adams_l,openalex,2026-07-12,2019,4,30,NA,NA,NA
adams_l,openalex,2026-07-12,2021,1,50,NA,NA,NA
adams_l,openalex,2026-07-12,2023,4,52,NA,NA,NA
adams_l,openalex,2026-07-12,2025,1,39,NA,NA,NA
adams_l,openalex,2026-07-12,2026,0,19,NA,NA,NA
adams_l,openalex,2026-07-12,2024,0,54,NA,NA,NA
adams_l,openalex,2026-07-12,2022,0,54,NA,NA,NA
adams_l,openalex,2026-07-12,2020,0,35,NA,NA,NA
adams_l,openalex,2026-07-12,2018,0,26,NA,NA,NA
adams_l,openalex,2026-07-12,2017,0,13,NA,NA,NA
adams_l,openalex,2026-07-12,2014,0,14,NA,NA,NA
adams_l,openalex,2026-07-12,lifetime,21,424,8,8,NA
ahmad_a,openalex,2026-07-12,2010,1,0,NA,NA,NA
ahmad_a,openalex,2026-07-12,2012,2,5,NA,NA,NA
ahmad_a,openalex,2026-07-12,2013,3,19,NA,NA,NA
ahmad_a,openalex,2026-07-12,2014,3,15,NA,NA,NA
ahmad_a,openalex,2026-07-12,2015,3,30,NA,NA,NA
ahmad_a,openalex,2026-07-12,2016,2,24,NA,NA,NA
ahmad_a,openalex,2026-07-12,2017,6,44,NA,NA,NA
ahmad_a,openalex,2026-07-12,2018,1,72,NA,NA,NA
ahmad_a,openalex,2026-07-12,2019,5,80,NA,NA,NA
ahmad_a,openalex,2026-07-12,2020,3,72,NA,NA,NA
ahmad_a,openalex,2026-07-12,2021,2,95,NA,NA,NA
ahmad_a,openalex,2026-07-12,2022,1,97,NA,NA,NA
ahmad_a,openalex,2026-07-12,2024,1,96,NA,NA,NA
ahmad_a,openalex,2026-07-12,2026,0,29,NA,NA,NA
ahmad_a,openalex,2026-07-12,2025,0,41,NA,NA,NA
ahmad_a,openalex,2026-07-12,2023,0,68,NA,NA,NA
ahmad_a,openalex,2026-07-12,lifetime,33,790,12,13,NA
brielmaier_j,openalex,2026-07-12,2006,2,0,NA,NA,NA
brielmaier_j,openalex,2026-07-12,2007,2,0,NA,NA,NA
brielmaier_j,openalex,2026-07-12,2008,3,0,NA,NA,NA
brielmaier_j,openalex,2026-07-12,2009,1,0,NA,NA,NA
brielmaier_j,openalex,2026-07-12,2010,2,0,NA,NA,NA
brielmaier_j,openalex,2026-07-12,2011,1,0,NA,NA,NA
brielmaier_j,openalex,2026-07-12,2012,1,36,NA,NA,NA
brielmaier_j,openalex,2026-07-12,2013,2,50,NA,NA,NA
brielmaier_j,openalex,2026-07-12,2014,1,64,NA,NA,NA
brielmaier_j,openalex,2026-07-12,2015,3,63,NA,NA,NA
brielmaier_j,openalex,2026-07-12,2016,4,65,NA,NA,NA
brielmaier_j,openalex,2026-07-12,2020,1,44,NA,NA,NA
brielmaier_j,openalex,2026-07-12,2021,3,44,NA,NA,NA
brielmaier_j,openalex,2026-07-12,2026,0,5,NA,NA,NA
brielmaier_j,openalex,2026-07-12,2025,0,23,NA,NA,NA
brielmaier_j,openalex,2026-07-12,2024,0,26,NA,NA,NA
brielmaier_j,openalex,2026-07-12,2023,0,41,NA,NA,NA
brielmaier_j,openalex,2026-07-12,2022,0,42,NA,NA,NA
brielmaier_j,openalex,2026-07-12,2019,0,48,NA,NA,NA
brielmaier_j,openalex,2026-07-12,2018,0,36,NA,NA,NA
brielmaier_j,openalex,2026-07-12,2017,0,53,NA,NA,NA
brielmaier_j,openalex,2026-07-12,lifetime,26,715,9,9,NA
burns_s,openalex,2026-07-12,1990,1,0,NA,NA,NA
burns_s,openalex,2026-07-12,1999,4,0,NA,NA,NA
burns_s,openalex,2026-07-12,2001,1,0,NA,NA,NA
burns_s,openalex,2026-07-12,2002,2,0,NA,NA,NA
burns_s,openalex,2026-07-12,2005,1,0,NA,NA,NA
burns_s,openalex,2026-07-12,2007,2,0,NA,NA,NA
burns_s,openalex,2026-07-12,2010,3,0,NA,NA,NA
burns_s,openalex,2026-07-12,2011,1,0,NA,NA,NA
burns_s,openalex,2026-07-12,2012,2,12,NA,NA,NA
burns_s,openalex,2026-07-12,2013,2,7,NA,NA,NA
burns_s,openalex,2026-07-12,2015,1,10,NA,NA,NA
burns_s,openalex,2026-07-12,2016,2,15,NA,NA,NA
burns_s,openalex,2026-07-12,2017,1,12,NA,NA,NA
burns_s,openalex,2026-07-12,2018,2,7,NA,NA,NA
burns_s,openalex,2026-07-12,2025,2,16,NA,NA,NA
burns_s,openalex,2026-07-12,2026,0,3,NA,NA,NA
burns_s,openalex,2026-07-12,2024,0,16,NA,NA,NA
burns_s,openalex,2026-07-12,2023,0,8,NA,NA,NA
burns_s,openalex,2026-07-12,2022,0,8,NA,NA,NA
burns_s,openalex,2026-07-12,2021,0,18,NA,NA,NA
burns_s,openalex,2026-07-12,2019,0,16,NA,NA,NA
burns_s,openalex,2026-07-12,2014,0,12,NA,NA,NA
burns_s,openalex,2026-07-12,2020,0,6,NA,NA,NA
burns_s,openalex,2026-07-12,lifetime,27,257,8,7,NA
cattaneo_l,openalex,2026-07-12,2003,1,0,NA,NA,NA
cattaneo_l,openalex,2026-07-12,2005,1,0,NA,NA,NA
cattaneo_l,openalex,2026-07-12,2006,1,0,NA,NA,NA
cattaneo_l,openalex,2026-07-12,2007,4,0,NA,NA,NA
cattaneo_l,openalex,2026-07-12,2008,3,0,NA,NA,NA
cattaneo_l,openalex,2026-07-12,2009,8,0,NA,NA,NA
cattaneo_l,openalex,2026-07-12,2010,2,0,NA,NA,NA
cattaneo_l,openalex,2026-07-12,2011,7,0,NA,NA,NA
cattaneo_l,openalex,2026-07-12,2012,11,80,NA,NA,NA
cattaneo_l,openalex,2026-07-12,2013,5,82,NA,NA,NA
cattaneo_l,openalex,2026-07-12,2014,11,134,NA,NA,NA
cattaneo_l,openalex,2026-07-12,2015,3,117,NA,NA,NA
cattaneo_l,openalex,2026-07-12,2016,5,107,NA,NA,NA
cattaneo_l,openalex,2026-07-12,2017,3,132,NA,NA,NA
cattaneo_l,openalex,2026-07-12,2018,5,163,NA,NA,NA
cattaneo_l,openalex,2026-07-12,2019,3,244,NA,NA,NA
cattaneo_l,openalex,2026-07-12,2020,2,245,NA,NA,NA
cattaneo_l,openalex,2026-07-12,2021,2,296,NA,NA,NA
cattaneo_l,openalex,2026-07-12,2022,1,224,NA,NA,NA
cattaneo_l,openalex,2026-07-12,2023,4,266,NA,NA,NA
cattaneo_l,openalex,2026-07-12,2024,1,276,NA,NA,NA
cattaneo_l,openalex,2026-07-12,2025,3,227,NA,NA,NA
cattaneo_l,openalex,2026-07-12,2026,0,107,NA,NA,NA
cattaneo_l,openalex,2026-07-12,lifetime,86,2899,24,38,NA
chaplin_t,openalex,2026-07-12,2005,2,0,NA,NA,NA
chaplin_t,openalex,2026-07-12,2006,3,0,NA,NA,NA
chaplin_t,openalex,2026-07-12,2007,4,0,NA,NA,NA
chaplin_t,openalex,2026-07-12,2008,2,0,NA,NA,NA
chaplin_t,openalex,2026-07-12,2009,2,0,NA,NA,NA
chaplin_t,openalex,2026-07-12,2010,4,0,NA,NA,NA
chaplin_t,openalex,2026-07-12,2011,2,0,NA,NA,NA
chaplin_t,openalex,2026-07-12,2012,7,161,NA,NA,NA
chaplin_t,openalex,2026-07-12,2013,3,157,NA,NA,NA
chaplin_t,openalex,2026-07-12,2014,5,237,NA,NA,NA
chaplin_t,openalex,2026-07-12,2015,7,219,NA,NA,NA
chaplin_t,openalex,2026-07-12,2016,1,268,NA,NA,NA
chaplin_t,openalex,2026-07-12,2017,2,294,NA,NA,NA
chaplin_t,openalex,2026-07-12,2018,6,318,NA,NA,NA
chaplin_t,openalex,2026-07-12,2019,9,355,NA,NA,NA
chaplin_t,openalex,2026-07-12,2020,4,468,NA,NA,NA
chaplin_t,openalex,2026-07-12,2021,4,471,NA,NA,NA
chaplin_t,openalex,2026-07-12,2022,4,451,NA,NA,NA
chaplin_t,openalex,2026-07-12,2023,5,543,NA,NA,NA
chaplin_t,openalex,2026-07-12,2024,6,545,NA,NA,NA
chaplin_t,openalex,2026-07-12,2025,2,577,NA,NA,NA
chaplin_t,openalex,2026-07-12,2026,3,306,NA,NA,NA
chaplin_t,openalex,2026-07-12,lifetime,87,5734,35,58,NA
curby_t,openalex,2026-07-12,2008,1,0,NA,NA,NA
curby_t,openalex,2026-07-12,2009,4,0,NA,NA,NA
curby_t,openalex,2026-07-12,2010,3,0,NA,NA,NA
curby_t,openalex,2026-07-12,2011,3,0,NA,NA,NA
curby_t,openalex,2026-07-12,2012,3,82,NA,NA,NA
curby_t,openalex,2026-07-12,2013,12,139,NA,NA,NA
curby_t,openalex,2026-07-12,2014,11,181,NA,NA,NA
curby_t,openalex,2026-07-12,2015,8,204,NA,NA,NA
curby_t,openalex,2026-07-12,2016,12,273,NA,NA,NA
curby_t,openalex,2026-07-12,2017,4,283,NA,NA,NA
curby_t,openalex,2026-07-12,2018,10,322,NA,NA,NA
curby_t,openalex,2026-07-12,2019,6,412,NA,NA,NA
curby_t,openalex,2026-07-12,2020,4,445,NA,NA,NA
curby_t,openalex,2026-07-12,2021,4,447,NA,NA,NA
curby_t,openalex,2026-07-12,2022,4,412,NA,NA,NA
curby_t,openalex,2026-07-12,2023,6,425,NA,NA,NA
curby_t,openalex,2026-07-12,2024,3,408,NA,NA,NA
curby_t,openalex,2026-07-12,2025,2,349,NA,NA,NA
curby_t,openalex,2026-07-12,2026,2,179,NA,NA,NA
curby_t,openalex,2026-07-12,lifetime,102,4666,36,63,NA
dalal_r,openalex,2026-07-12,1999,3,0,NA,NA,NA
dalal_r,openalex,2026-07-12,2000,5,0,NA,NA,NA
dalal_r,openalex,2026-07-12,2002,2,0,NA,NA,NA
dalal_r,openalex,2026-07-12,2003,4,0,NA,NA,NA
dalal_r,openalex,2026-07-12,2004,4,0,NA,NA,NA
dalal_r,openalex,2026-07-12,2005,2,0,NA,NA,NA
dalal_r,openalex,2026-07-12,2006,9,0,NA,NA,NA
dalal_r,openalex,2026-07-12,2007,4,0,NA,NA,NA
dalal_r,openalex,2026-07-12,2008,8,0,NA,NA,NA
dalal_r,openalex,2026-07-12,2009,11,0,NA,NA,NA
dalal_r,openalex,2026-07-12,2010,6,0,NA,NA,NA
dalal_r,openalex,2026-07-12,2011,6,0,NA,NA,NA
dalal_r,openalex,2026-07-12,2012,7,401,NA,NA,NA
dalal_r,openalex,2026-07-12,2013,6,359,NA,NA,NA
dalal_r,openalex,2026-07-12,2014,8,411,NA,NA,NA
dalal_r,openalex,2026-07-12,2015,2,428,NA,NA,NA
dalal_r,openalex,2026-07-12,2016,7,445,NA,NA,NA
dalal_r,openalex,2026-07-12,2017,2,477,NA,NA,NA
dalal_r,openalex,2026-07-12,2018,6,500,NA,NA,NA
dalal_r,openalex,2026-07-12,2019,6,579,NA,NA,NA
dalal_r,openalex,2026-07-12,2020,4,730,NA,NA,NA
dalal_r,openalex,2026-07-12,2021,6,736,NA,NA,NA
dalal_r,openalex,2026-07-12,2022,2,629,NA,NA,NA
dalal_r,openalex,2026-07-12,2023,7,667,NA,NA,NA
dalal_r,openalex,2026-07-12,2024,4,639,NA,NA,NA
dalal_r,openalex,2026-07-12,2025,6,639,NA,NA,NA
dalal_r,openalex,2026-07-12,2026,1,327,NA,NA,NA
dalal_r,openalex,2026-07-12,lifetime,138,8895,39,67,NA
davis_d,openalex,2026-07-12,2015,1,0,NA,NA,NA
davis_d,openalex,2026-07-12,2016,2,0,NA,NA,NA
davis_d,openalex,2026-07-12,2017,2,1,NA,NA,NA
davis_d,openalex,2026-07-12,2022,2,10,NA,NA,NA
davis_d,openalex,2026-07-12,2026,1,6,NA,NA,NA
davis_d,openalex,2026-07-12,2025,0,7,NA,NA,NA
davis_d,openalex,2026-07-12,2024,0,1,NA,NA,NA
davis_d,openalex,2026-07-12,2023,0,7,NA,NA,NA
davis_d,openalex,2026-07-12,2021,0,2,NA,NA,NA
davis_d,openalex,2026-07-12,2020,0,3,NA,NA,NA
davis_d,openalex,2026-07-12,2019,0,5,NA,NA,NA
davis_d,openalex,2026-07-12,2018,0,3,NA,NA,NA
davis_d,openalex,2026-07-12,lifetime,8,45,3,1,NA
doebel_s,openalex,2026-07-12,2008,1,0,NA,NA,NA
doebel_s,openalex,2026-07-12,2010,1,0,NA,NA,NA
doebel_s,openalex,2026-07-12,2013,3,9,NA,NA,NA
doebel_s,openalex,2026-07-12,2015,2,18,NA,NA,NA
doebel_s,openalex,2026-07-12,2016,6,18,NA,NA,NA
doebel_s,openalex,2026-07-12,2017,10,30,NA,NA,NA
doebel_s,openalex,2026-07-12,2018,1,46,NA,NA,NA
doebel_s,openalex,2026-07-12,2019,5,78,NA,NA,NA
doebel_s,openalex,2026-07-12,2020,6,83,NA,NA,NA
doebel_s,openalex,2026-07-12,2021,3,109,NA,NA,NA
doebel_s,openalex,2026-07-12,2022,7,172,NA,NA,NA
doebel_s,openalex,2026-07-12,2023,3,225,NA,NA,NA
doebel_s,openalex,2026-07-12,2024,4,267,NA,NA,NA
doebel_s,openalex,2026-07-12,2025,2,272,NA,NA,NA
doebel_s,openalex,2026-07-12,2026,3,140,NA,NA,NA
doebel_s,openalex,2026-07-12,2014,0,14,NA,NA,NA
doebel_s,openalex,2026-07-12,2012,0,7,NA,NA,NA
doebel_s,openalex,2026-07-12,lifetime,57,1499,19,20,NA
dumas_t,openalex,2026-07-12,1962,3,0,NA,NA,NA
dumas_t,openalex,2026-07-12,1964,2,0,NA,NA,NA
dumas_t,openalex,2026-07-12,1966,2,0,NA,NA,NA
dumas_t,openalex,2026-07-12,1967,1,0,NA,NA,NA
dumas_t,openalex,2026-07-12,1968,1,0,NA,NA,NA
dumas_t,openalex,2026-07-12,1969,2,0,NA,NA,NA
dumas_t,openalex,2026-07-12,1972,1,0,NA,NA,NA
dumas_t,openalex,2026-07-12,1973,2,0,NA,NA,NA
dumas_t,openalex,2026-07-12,1974,2,0,NA,NA,NA
dumas_t,openalex,2026-07-12,1975,1,0,NA,NA,NA
dumas_t,openalex,2026-07-12,1976,1,0,NA,NA,NA
dumas_t,openalex,2026-07-12,1977,2,0,NA,NA,NA
dumas_t,openalex,2026-07-12,1978,1,0,NA,NA,NA
dumas_t,openalex,2026-07-12,1979,1,0,NA,NA,NA
dumas_t,openalex,2026-07-12,1980,2,0,NA,NA,NA
dumas_t,openalex,2026-07-12,1981,1,0,NA,NA,NA
dumas_t,openalex,2026-07-12,1982,4,0,NA,NA,NA
dumas_t,openalex,2026-07-12,1983,2,0,NA,NA,NA
dumas_t,openalex,2026-07-12,1984,2,0,NA,NA,NA
dumas_t,openalex,2026-07-12,1985,2,0,NA,NA,NA
dumas_t,openalex,2026-07-12,1994,1,0,NA,NA,NA
dumas_t,openalex,2026-07-12,1995,1,0,NA,NA,NA
dumas_t,openalex,2026-07-12,1997,1,0,NA,NA,NA
dumas_t,openalex,2026-07-12,1998,2,0,NA,NA,NA
dumas_t,openalex,2026-07-12,2000,3,0,NA,NA,NA
dumas_t,openalex,2026-07-12,2001,4,0,NA,NA,NA
dumas_t,openalex,2026-07-12,2003,1,0,NA,NA,NA
dumas_t,openalex,2026-07-12,2004,4,0,NA,NA,NA
dumas_t,openalex,2026-07-12,2005,3,0,NA,NA,NA
dumas_t,openalex,2026-07-12,2009,1,0,NA,NA,NA
dumas_t,openalex,2026-07-12,2010,3,0,NA,NA,NA
dumas_t,openalex,2026-07-12,2011,1,0,NA,NA,NA
dumas_t,openalex,2026-07-12,2013,3,69,NA,NA,NA
dumas_t,openalex,2026-07-12,2014,2,79,NA,NA,NA
dumas_t,openalex,2026-07-12,2015,6,111,NA,NA,NA
dumas_t,openalex,2026-07-12,2016,5,99,NA,NA,NA
dumas_t,openalex,2026-07-12,2017,1,98,NA,NA,NA
dumas_t,openalex,2026-07-12,2018,5,130,NA,NA,NA
dumas_t,openalex,2026-07-12,2019,2,124,NA,NA,NA
dumas_t,openalex,2026-07-12,2020,1,122,NA,NA,NA
dumas_t,openalex,2026-07-12,2021,2,148,NA,NA,NA
dumas_t,openalex,2026-07-12,2022,1,85,NA,NA,NA
dumas_t,openalex,2026-07-12,2024,3,100,NA,NA,NA
dumas_t,openalex,2026-07-12,2026,1,39,NA,NA,NA
dumas_t,openalex,2026-07-12,2025,0,83,NA,NA,NA
dumas_t,openalex,2026-07-12,2023,0,94,NA,NA,NA
dumas_t,openalex,2026-07-12,2012,0,71,NA,NA,NA
dumas_t,openalex,2026-07-12,lifetime,92,2340,30,56,NA
esposito_smythers_c,openalex,2026-07-12,2004,3,0,NA,NA,NA
esposito_smythers_c,openalex,2026-07-12,2005,2,0,NA,NA,NA
esposito_smythers_c,openalex,2026-07-12,2006,4,0,NA,NA,NA
esposito_smythers_c,openalex,2026-07-12,2007,3,0,NA,NA,NA
esposito_smythers_c,openalex,2026-07-12,2008,9,0,NA,NA,NA
esposito_smythers_c,openalex,2026-07-12,2009,10,0,NA,NA,NA
esposito_smythers_c,openalex,2026-07-12,2010,4,0,NA,NA,NA
esposito_smythers_c,openalex,2026-07-12,2011,6,0,NA,NA,NA
esposito_smythers_c,openalex,2026-07-12,2012,3,220,NA,NA,NA
esposito_smythers_c,openalex,2026-07-12,2013,7,258,NA,NA,NA
esposito_smythers_c,openalex,2026-07-12,2014,10,333,NA,NA,NA
esposito_smythers_c,openalex,2026-07-12,2015,5,276,NA,NA,NA
esposito_smythers_c,openalex,2026-07-12,2016,7,258,NA,NA,NA
esposito_smythers_c,openalex,2026-07-12,2017,2,282,NA,NA,NA
esposito_smythers_c,openalex,2026-07-12,2018,2,331,NA,NA,NA
esposito_smythers_c,openalex,2026-07-12,2019,7,278,NA,NA,NA
esposito_smythers_c,openalex,2026-07-12,2020,7,336,NA,NA,NA
esposito_smythers_c,openalex,2026-07-12,2021,11,426,NA,NA,NA
esposito_smythers_c,openalex,2026-07-12,2022,5,360,NA,NA,NA
esposito_smythers_c,openalex,2026-07-12,2023,7,375,NA,NA,NA
esposito_smythers_c,openalex,2026-07-12,2024,7,367,NA,NA,NA
esposito_smythers_c,openalex,2026-07-12,2025,3,342,NA,NA,NA
esposito_smythers_c,openalex,2026-07-12,2026,0,170,NA,NA,NA
esposito_smythers_c,openalex,2026-07-12,lifetime,124,5130,35,72,NA
fischer_s,openalex,2026-07-12,1981,2,0,NA,NA,NA
fischer_s,openalex,2026-07-12,2003,3,0,NA,NA,NA
fischer_s,openalex,2026-07-12,2004,3,0,NA,NA,NA
fischer_s,openalex,2026-07-12,2005,5,0,NA,NA,NA
fischer_s,openalex,2026-07-12,2006,2,0,NA,NA,NA
fischer_s,openalex,2026-07-12,2007,6,0,NA,NA,NA
fischer_s,openalex,2026-07-12,2008,3,0,NA,NA,NA
fischer_s,openalex,2026-07-12,2009,1,0,NA,NA,NA
fischer_s,openalex,2026-07-12,2010,1,0,NA,NA,NA
fischer_s,openalex,2026-07-12,2011,3,0,NA,NA,NA
fischer_s,openalex,2026-07-12,2012,1,108,NA,NA,NA
fischer_s,openalex,2026-07-12,2013,4,103,NA,NA,NA
fischer_s,openalex,2026-07-12,2014,1,119,NA,NA,NA
fischer_s,openalex,2026-07-12,2015,1,110,NA,NA,NA
fischer_s,openalex,2026-07-12,2016,10,91,NA,NA,NA
fischer_s,openalex,2026-07-12,2017,7,80,NA,NA,NA
fischer_s,openalex,2026-07-12,2018,8,90,NA,NA,NA
fischer_s,openalex,2026-07-12,2019,6,116,NA,NA,NA
fischer_s,openalex,2026-07-12,2020,9,130,NA,NA,NA
fischer_s,openalex,2026-07-12,2021,7,158,NA,NA,NA
fischer_s,openalex,2026-07-12,2022,8,174,NA,NA,NA
fischer_s,openalex,2026-07-12,2023,13,216,NA,NA,NA
fischer_s,openalex,2026-07-12,2024,5,162,NA,NA,NA
fischer_s,openalex,2026-07-12,2025,3,180,NA,NA,NA
fischer_s,openalex,2026-07-12,2026,0,76,NA,NA,NA
fischer_s,openalex,2026-07-12,lifetime,112,2251,23,46,NA
flinn_j,openalex,2026-07-12,1969,1,0,NA,NA,NA
flinn_j,openalex,2026-07-12,1971,1,0,NA,NA,NA
flinn_j,openalex,2026-07-12,1974,1,0,NA,NA,NA
flinn_j,openalex,2026-07-12,1977,1,0,NA,NA,NA
flinn_j,openalex,2026-07-12,1979,2,0,NA,NA,NA
flinn_j,openalex,2026-07-12,1987,1,0,NA,NA,NA
flinn_j,openalex,2026-07-12,1993,1,0,NA,NA,NA
flinn_j,openalex,2026-07-12,1994,1,0,NA,NA,NA
flinn_j,openalex,2026-07-12,1997,2,0,NA,NA,NA
flinn_j,openalex,2026-07-12,2001,2,0,NA,NA,NA
flinn_j,openalex,2026-07-12,2002,1,0,NA,NA,NA
flinn_j,openalex,2026-07-12,2004,1,0,NA,NA,NA
flinn_j,openalex,2026-07-12,2005,2,0,NA,NA,NA
flinn_j,openalex,2026-07-12,2006,3,0,NA,NA,NA
flinn_j,openalex,2026-07-12,2007,3,0,NA,NA,NA
flinn_j,openalex,2026-07-12,2008,1,0,NA,NA,NA
flinn_j,openalex,2026-07-12,2009,2,0,NA,NA,NA
flinn_j,openalex,2026-07-12,2010,1,0,NA,NA,NA
flinn_j,openalex,2026-07-12,2011,2,0,NA,NA,NA
flinn_j,openalex,2026-07-12,2013,1,49,NA,NA,NA
flinn_j,openalex,2026-07-12,2014,5,66,NA,NA,NA
flinn_j,openalex,2026-07-12,2015,2,43,NA,NA,NA
flinn_j,openalex,2026-07-12,2016,1,57,NA,NA,NA
flinn_j,openalex,2026-07-12,2017,3,67,NA,NA,NA
flinn_j,openalex,2026-07-12,2018,5,77,NA,NA,NA
flinn_j,openalex,2026-07-12,2019,3,78,NA,NA,NA
flinn_j,openalex,2026-07-12,2020,2,104,NA,NA,NA
flinn_j,openalex,2026-07-12,2022,2,118,NA,NA,NA
flinn_j,openalex,2026-07-12,2023,1,92,NA,NA,NA
flinn_j,openalex,2026-07-12,2024,1,94,NA,NA,NA
flinn_j,openalex,2026-07-12,2026,1,31,NA,NA,NA
flinn_j,openalex,2026-07-12,2025,0,65,NA,NA,NA
flinn_j,openalex,2026-07-12,2021,0,85,NA,NA,NA
flinn_j,openalex,2026-07-12,2012,0,63,NA,NA,NA
flinn_j,openalex,2026-07-12,lifetime,56,1341,19,28,NA
goldstein_t,openalex,2026-07-12,2008,2,0,NA,NA,NA
goldstein_t,openalex,2026-07-12,2009,5,0,NA,NA,NA
goldstein_t,openalex,2026-07-12,2010,27,0,NA,NA,NA
goldstein_t,openalex,2026-07-12,2011,4,0,NA,NA,NA
goldstein_t,openalex,2026-07-12,2012,4,28,NA,NA,NA
goldstein_t,openalex,2026-07-12,2013,2,48,NA,NA,NA
goldstein_t,openalex,2026-07-12,2014,21,95,NA,NA,NA
goldstein_t,openalex,2026-07-12,2015,7,84,NA,NA,NA
goldstein_t,openalex,2026-07-12,2016,4,92,NA,NA,NA
goldstein_t,openalex,2026-07-12,2017,8,183,NA,NA,NA
goldstein_t,openalex,2026-07-12,2018,8,300,NA,NA,NA
goldstein_t,openalex,2026-07-12,2019,12,195,NA,NA,NA
goldstein_t,openalex,2026-07-12,2020,11,257,NA,NA,NA
goldstein_t,openalex,2026-07-12,2021,8,297,NA,NA,NA
goldstein_t,openalex,2026-07-12,2022,15,311,NA,NA,NA
goldstein_t,openalex,2026-07-12,2023,13,369,NA,NA,NA
goldstein_t,openalex,2026-07-12,2024,6,237,NA,NA,NA
goldstein_t,openalex,2026-07-12,2025,6,257,NA,NA,NA
goldstein_t,openalex,2026-07-12,2026,2,146,NA,NA,NA
goldstein_t,openalex,2026-07-12,lifetime,165,2933,27,39,NA
helton_w,openalex,2026-07-12,1965,1,0,NA,NA,NA
helton_w,openalex,2026-07-12,1999,1,0,NA,NA,NA
helton_w,openalex,2026-07-12,2000,1,0,NA,NA,NA
helton_w,openalex,2026-07-12,2002,2,0,NA,NA,NA
helton_w,openalex,2026-07-12,2003,5,0,NA,NA,NA
helton_w,openalex,2026-07-12,2004,7,0,NA,NA,NA
helton_w,openalex,2026-07-12,2005,8,0,NA,NA,NA
helton_w,openalex,2026-07-12,2006,5,0,NA,NA,NA
helton_w,openalex,2026-07-12,2007,12,0,NA,NA,NA
helton_w,openalex,2026-07-12,2008,13,0,NA,NA,NA
helton_w,openalex,2026-07-12,2009,21,0,NA,NA,NA
helton_w,openalex,2026-07-12,2010,16,0,NA,NA,NA
helton_w,openalex,2026-07-12,2011,14,0,NA,NA,NA
helton_w,openalex,2026-07-12,2012,12,178,NA,NA,NA
helton_w,openalex,2026-07-12,2013,20,302,NA,NA,NA
helton_w,openalex,2026-07-12,2014,12,290,NA,NA,NA
helton_w,openalex,2026-07-12,2015,13,373,NA,NA,NA
helton_w,openalex,2026-07-12,2016,20,326,NA,NA,NA
helton_w,openalex,2026-07-12,2017,9,300,NA,NA,NA
helton_w,openalex,2026-07-12,2018,13,382,NA,NA,NA
helton_w,openalex,2026-07-12,2019,8,385,NA,NA,NA
helton_w,openalex,2026-07-12,2020,4,336,NA,NA,NA
helton_w,openalex,2026-07-12,2021,18,380,NA,NA,NA
helton_w,openalex,2026-07-12,2022,12,494,NA,NA,NA
helton_w,openalex,2026-07-12,2023,10,519,NA,NA,NA
helton_w,openalex,2026-07-12,2024,6,439,NA,NA,NA
helton_w,openalex,2026-07-12,2025,5,522,NA,NA,NA
helton_w,openalex,2026-07-12,2026,2,208,NA,NA,NA
helton_w,openalex,2026-07-12,lifetime,270,6178,42,111,NA
jack_a,openalex,2026-07-12,2009,1,0,NA,NA,NA
jack_a,openalex,2026-07-12,2010,1,0,NA,NA,NA
jack_a,openalex,2026-07-12,2011,2,0,NA,NA,NA
jack_a,openalex,2026-07-12,2012,2,12,NA,NA,NA
jack_a,openalex,2026-07-12,2014,3,60,NA,NA,NA
jack_a,openalex,2026-07-12,2015,1,62,NA,NA,NA
jack_a,openalex,2026-07-12,2016,1,66,NA,NA,NA
jack_a,openalex,2026-07-12,2017,2,82,NA,NA,NA
jack_a,openalex,2026-07-12,2018,1,92,NA,NA,NA
jack_a,openalex,2026-07-12,2020,6,106,NA,NA,NA
jack_a,openalex,2026-07-12,2021,6,177,NA,NA,NA
jack_a,openalex,2026-07-12,2022,2,166,NA,NA,NA
jack_a,openalex,2026-07-12,2023,6,174,NA,NA,NA
jack_a,openalex,2026-07-12,2024,6,189,NA,NA,NA
jack_a,openalex,2026-07-12,2025,5,216,NA,NA,NA
jack_a,openalex,2026-07-12,2026,3,134,NA,NA,NA
jack_a,openalex,2026-07-12,2019,0,84,NA,NA,NA
jack_a,openalex,2026-07-12,2013,0,24,NA,NA,NA
jack_a,openalex,2026-07-12,lifetime,48,1654,23,28,NA
kaplan_s,openalex,2026-07-12,1984,1,0,NA,NA,NA
kaplan_s,openalex,2026-07-12,1987,1,0,NA,NA,NA
kaplan_s,openalex,2026-07-12,2002,1,0,NA,NA,NA
kaplan_s,openalex,2026-07-12,2003,4,0,NA,NA,NA
kaplan_s,openalex,2026-07-12,2004,2,0,NA,NA,NA
kaplan_s,openalex,2026-07-12,2005,3,0,NA,NA,NA
kaplan_s,openalex,2026-07-12,2006,4,0,NA,NA,NA
kaplan_s,openalex,2026-07-12,2007,5,0,NA,NA,NA
kaplan_s,openalex,2026-07-12,2008,5,0,NA,NA,NA
kaplan_s,openalex,2026-07-12,2009,13,0,NA,NA,NA
kaplan_s,openalex,2026-07-12,2010,6,0,NA,NA,NA
kaplan_s,openalex,2026-07-12,2011,4,0,NA,NA,NA
kaplan_s,openalex,2026-07-12,2012,8,187,NA,NA,NA
kaplan_s,openalex,2026-07-12,2013,8,168,NA,NA,NA
kaplan_s,openalex,2026-07-12,2014,6,177,NA,NA,NA
kaplan_s,openalex,2026-07-12,2015,5,193,NA,NA,NA
kaplan_s,openalex,2026-07-12,2016,4,214,NA,NA,NA
kaplan_s,openalex,2026-07-12,2017,5,231,NA,NA,NA
kaplan_s,openalex,2026-07-12,2018,4,287,NA,NA,NA
kaplan_s,openalex,2026-07-12,2019,5,308,NA,NA,NA
kaplan_s,openalex,2026-07-12,2020,4,432,NA,NA,NA
kaplan_s,openalex,2026-07-12,2021,4,447,NA,NA,NA
kaplan_s,openalex,2026-07-12,2022,2,504,NA,NA,NA
kaplan_s,openalex,2026-07-12,2023,6,436,NA,NA,NA
kaplan_s,openalex,2026-07-12,2024,6,380,NA,NA,NA
kaplan_s,openalex,2026-07-12,2025,7,363,NA,NA,NA
kaplan_s,openalex,2026-07-12,2026,3,172,NA,NA,NA
kaplan_s,openalex,2026-07-12,lifetime,126,4982,30,53,NA
kashdan_t,openalex,2026-07-12,1997,1,0,NA,NA,NA
kashdan_t,openalex,2026-07-12,1999,1,0,NA,NA,NA
kashdan_t,openalex,2026-07-12,2000,2,0,NA,NA,NA
kashdan_t,openalex,2026-07-12,2001,2,0,NA,NA,NA
kashdan_t,openalex,2026-07-12,2002,5,0,NA,NA,NA
kashdan_t,openalex,2026-07-12,2003,5,0,NA,NA,NA
kashdan_t,openalex,2026-07-12,2004,9,0,NA,NA,NA
kashdan_t,openalex,2026-07-12,2005,13,0,NA,NA,NA
kashdan_t,openalex,2026-07-12,2006,19,0,NA,NA,NA
kashdan_t,openalex,2026-07-12,2007,15,0,NA,NA,NA
kashdan_t,openalex,2026-07-12,2008,10,0,NA,NA,NA
kashdan_t,openalex,2026-07-12,2009,21,0,NA,NA,NA
kashdan_t,openalex,2026-07-12,2010,22,0,NA,NA,NA
kashdan_t,openalex,2026-07-12,2011,15,0,NA,NA,NA
kashdan_t,openalex,2026-07-12,2012,11,968,NA,NA,NA
kashdan_t,openalex,2026-07-12,2013,20,1162,NA,NA,NA
kashdan_t,openalex,2026-07-12,2014,24,1606,NA,NA,NA
kashdan_t,openalex,2026-07-12,2015,22,1600,NA,NA,NA
kashdan_t,openalex,2026-07-12,2016,9,1678,NA,NA,NA
kashdan_t,openalex,2026-07-12,2017,14,1707,NA,NA,NA
kashdan_t,openalex,2026-07-12,2018,13,2175,NA,NA,NA
kashdan_t,openalex,2026-07-12,2019,14,2297,NA,NA,NA
kashdan_t,openalex,2026-07-12,2020,17,2928,NA,NA,NA
kashdan_t,openalex,2026-07-12,2021,18,3006,NA,NA,NA
kashdan_t,openalex,2026-07-12,2022,5,3004,NA,NA,NA
kashdan_t,openalex,2026-07-12,2023,8,2965,NA,NA,NA
kashdan_t,openalex,2026-07-12,2024,10,3060,NA,NA,NA
kashdan_t,openalex,2026-07-12,2025,6,2830,NA,NA,NA
kashdan_t,openalex,2026-07-12,2026,4,1390,NA,NA,NA
kashdan_t,openalex,2026-07-12,lifetime,335,35088,100,230,NA
kornienko_o,openalex,2026-07-12,2009,1,0,NA,NA,NA
kornienko_o,openalex,2026-07-12,2010,3,0,NA,NA,NA
kornienko_o,openalex,2026-07-12,2011,1,0,NA,NA,NA
kornienko_o,openalex,2026-07-12,2012,1,16,NA,NA,NA
kornienko_o,openalex,2026-07-12,2013,2,30,NA,NA,NA
kornienko_o,openalex,2026-07-12,2014,1,49,NA,NA,NA
kornienko_o,openalex,2026-07-12,2015,4,53,NA,NA,NA
kornienko_o,openalex,2026-07-12,2016,5,64,NA,NA,NA
kornienko_o,openalex,2026-07-12,2017,5,52,NA,NA,NA
kornienko_o,openalex,2026-07-12,2018,5,90,NA,NA,NA
kornienko_o,openalex,2026-07-12,2019,3,135,NA,NA,NA
kornienko_o,openalex,2026-07-12,2020,4,160,NA,NA,NA
kornienko_o,openalex,2026-07-12,2021,4,171,NA,NA,NA
kornienko_o,openalex,2026-07-12,2022,5,185,NA,NA,NA
kornienko_o,openalex,2026-07-12,2023,2,175,NA,NA,NA
kornienko_o,openalex,2026-07-12,2024,4,200,NA,NA,NA
kornienko_o,openalex,2026-07-12,2025,2,148,NA,NA,NA
kornienko_o,openalex,2026-07-12,2026,3,95,NA,NA,NA
kornienko_o,openalex,2026-07-12,lifetime,55,1639,21,29,NA
kuykendall_l,openalex,2026-07-12,2013,1,1,NA,NA,NA
kuykendall_l,openalex,2026-07-12,2014,2,11,NA,NA,NA
kuykendall_l,openalex,2026-07-12,2015,3,15,NA,NA,NA
kuykendall_l,openalex,2026-07-12,2016,2,34,NA,NA,NA
kuykendall_l,openalex,2026-07-12,2017,7,62,NA,NA,NA
kuykendall_l,openalex,2026-07-12,2018,4,91,NA,NA,NA
kuykendall_l,openalex,2026-07-12,2019,3,116,NA,NA,NA
kuykendall_l,openalex,2026-07-12,2020,6,226,NA,NA,NA
kuykendall_l,openalex,2026-07-12,2021,4,232,NA,NA,NA
kuykendall_l,openalex,2026-07-12,2023,3,262,NA,NA,NA
kuykendall_l,openalex,2026-07-12,2025,3,270,NA,NA,NA
kuykendall_l,openalex,2026-07-12,2026,0,131,NA,NA,NA
kuykendall_l,openalex,2026-07-12,2024,0,246,NA,NA,NA
kuykendall_l,openalex,2026-07-12,2022,0,256,NA,NA,NA
kuykendall_l,openalex,2026-07-12,lifetime,38,1955,19,21,NA
layman_s,openalex,2026-07-12,1991,1,0,NA,NA,NA
layman_s,openalex,2026-07-12,2021,1,0,NA,NA,NA
layman_s,openalex,2026-07-12,2022,2,0,NA,NA,NA
layman_s,openalex,2026-07-12,2023,2,0,NA,NA,NA
layman_s,openalex,2026-07-12,2024,4,3,NA,NA,NA
layman_s,openalex,2026-07-12,2026,0,1,NA,NA,NA
layman_s,openalex,2026-07-12,2025,0,11,NA,NA,NA
layman_s,openalex,2026-07-12,lifetime,10,15,2,0,NA
lee_p,openalex,2026-07-12,2014,2,1,NA,NA,NA
lee_p,openalex,2026-07-12,2016,6,2,NA,NA,NA
lee_p,openalex,2026-07-12,2017,1,3,NA,NA,NA
lee_p,openalex,2026-07-12,2018,4,6,NA,NA,NA
lee_p,openalex,2026-07-12,2019,1,17,NA,NA,NA
lee_p,openalex,2026-07-12,2020,6,29,NA,NA,NA
lee_p,openalex,2026-07-12,2021,5,64,NA,NA,NA
lee_p,openalex,2026-07-12,2022,10,71,NA,NA,NA
lee_p,openalex,2026-07-12,2023,3,82,NA,NA,NA
lee_p,openalex,2026-07-12,2024,4,88,NA,NA,NA
lee_p,openalex,2026-07-12,2025,6,103,NA,NA,NA
lee_p,openalex,2026-07-12,2026,0,77,NA,NA,NA
lee_p,openalex,2026-07-12,lifetime,48,543,13,14,NA
lee_y,openalex,2026-07-12,2000,2,0,NA,NA,NA
lee_y,openalex,2026-07-12,2003,1,0,NA,NA,NA
lee_y,openalex,2026-07-12,2004,1,0,NA,NA,NA
lee_y,openalex,2026-07-12,2005,1,0,NA,NA,NA
lee_y,openalex,2026-07-12,2006,1,0,NA,NA,NA
lee_y,openalex,2026-07-12,2007,4,0,NA,NA,NA
lee_y,openalex,2026-07-12,2008,1,0,NA,NA,NA
lee_y,openalex,2026-07-12,2009,8,0,NA,NA,NA
lee_y,openalex,2026-07-12,2010,3,0,NA,NA,NA
lee_y,openalex,2026-07-12,2011,3,0,NA,NA,NA
lee_y,openalex,2026-07-12,2012,3,35,NA,NA,NA
lee_y,openalex,2026-07-12,2013,9,42,NA,NA,NA
lee_y,openalex,2026-07-12,2014,11,74,NA,NA,NA
lee_y,openalex,2026-07-12,2015,6,64,NA,NA,NA
lee_y,openalex,2026-07-12,2016,3,90,NA,NA,NA
lee_y,openalex,2026-07-12,2017,6,94,NA,NA,NA
lee_y,openalex,2026-07-12,2018,8,128,NA,NA,NA
lee_y,openalex,2026-07-12,2019,7,112,NA,NA,NA
lee_y,openalex,2026-07-12,2020,10,160,NA,NA,NA
lee_y,openalex,2026-07-12,2021,16,171,NA,NA,NA
lee_y,openalex,2026-07-12,2022,7,211,NA,NA,NA
lee_y,openalex,2026-07-12,2023,6,275,NA,NA,NA
lee_y,openalex,2026-07-12,2024,4,249,NA,NA,NA
lee_y,openalex,2026-07-12,2025,6,310,NA,NA,NA
lee_y,openalex,2026-07-12,2026,0,189,NA,NA,NA
lee_y,openalex,2026-07-12,lifetime,127,2287,22,40,NA
liang_y,openalex,2026-07-12,2017,1,0,NA,NA,NA
liang_y,openalex,2026-07-12,2019,2,0,NA,NA,NA
liang_y,openalex,2026-07-12,2020,1,1,NA,NA,NA
liang_y,openalex,2026-07-12,2021,5,4,NA,NA,NA
liang_y,openalex,2026-07-12,2022,2,11,NA,NA,NA
liang_y,openalex,2026-07-12,2023,1,49,NA,NA,NA
liang_y,openalex,2026-07-12,2024,2,37,NA,NA,NA
liang_y,openalex,2026-07-12,2025,7,61,NA,NA,NA
liang_y,openalex,2026-07-12,2026,0,40,NA,NA,NA
liang_y,openalex,2026-07-12,lifetime,21,203,6,5,NA
matthews_g,openalex,2026-07-12,1951,3,0,NA,NA,NA
matthews_g,openalex,2026-07-12,1952,1,0,NA,NA,NA
matthews_g,openalex,2026-07-12,1953,5,0,NA,NA,NA
matthews_g,openalex,2026-07-12,1954,1,0,NA,NA,NA
matthews_g,openalex,2026-07-12,1955,1,0,NA,NA,NA
matthews_g,openalex,2026-07-12,1956,4,0,NA,NA,NA
matthews_g,openalex,2026-07-12,1957,2,0,NA,NA,NA
matthews_g,openalex,2026-07-12,1958,2,0,NA,NA,NA
matthews_g,openalex,2026-07-12,1961,3,0,NA,NA,NA
matthews_g,openalex,2026-07-12,1962,1,0,NA,NA,NA
matthews_g,openalex,2026-07-12,1963,3,0,NA,NA,NA
matthews_g,openalex,2026-07-12,1964,1,0,NA,NA,NA
matthews_g,openalex,2026-07-12,1966,2,0,NA,NA,NA
matthews_g,openalex,2026-07-12,1967,1,0,NA,NA,NA
matthews_g,openalex,2026-07-12,1969,8,0,NA,NA,NA
matthews_g,openalex,2026-07-12,1970,2,0,NA,NA,NA
matthews_g,openalex,2026-07-12,1972,1,0,NA,NA,NA
matthews_g,openalex,2026-07-12,1973,2,0,NA,NA,NA
matthews_g,openalex,2026-07-12,1974,3,0,NA,NA,NA
matthews_g,openalex,2026-07-12,1975,1,0,NA,NA,NA
matthews_g,openalex,2026-07-12,1977,1,0,NA,NA,NA
matthews_g,openalex,2026-07-12,1982,2,0,NA,NA,NA
matthews_g,openalex,2026-07-12,1984,1,0,NA,NA,NA
matthews_g,openalex,2026-07-12,1985,2,0,NA,NA,NA
matthews_g,openalex,2026-07-12,1986,2,0,NA,NA,NA
matthews_g,openalex,2026-07-12,1987,1,0,NA,NA,NA
matthews_g,openalex,2026-07-12,1988,5,0,NA,NA,NA
matthews_g,openalex,2026-07-12,1989,5,0,NA,NA,NA
matthews_g,openalex,2026-07-12,1990,7,0,NA,NA,NA
matthews_g,openalex,2026-07-12,1991,2,0,NA,NA,NA
matthews_g,openalex,2026-07-12,1992,3,0,NA,NA,NA
matthews_g,openalex,2026-07-12,1993,3,0,NA,NA,NA
matthews_g,openalex,2026-07-12,1994,1,0,NA,NA,NA
matthews_g,openalex,2026-07-12,1995,5,0,NA,NA,NA
matthews_g,openalex,2026-07-12,1996,4,0,NA,NA,NA
matthews_g,openalex,2026-07-12,1997,3,0,NA,NA,NA
matthews_g,openalex,2026-07-12,1998,4,0,NA,NA,NA
matthews_g,openalex,2026-07-12,1999,6,0,NA,NA,NA
matthews_g,openalex,2026-07-12,2000,4,0,NA,NA,NA
matthews_g,openalex,2026-07-12,2001,4,0,NA,NA,NA
matthews_g,openalex,2026-07-12,2002,3,0,NA,NA,NA
matthews_g,openalex,2026-07-12,2003,4,0,NA,NA,NA
matthews_g,openalex,2026-07-12,2004,3,0,NA,NA,NA
matthews_g,openalex,2026-07-12,2005,2,0,NA,NA,NA
matthews_g,openalex,2026-07-12,2006,4,0,NA,NA,NA
matthews_g,openalex,2026-07-12,2008,9,0,NA,NA,NA
matthews_g,openalex,2026-07-12,2009,28,0,NA,NA,NA
matthews_g,openalex,2026-07-12,2010,13,0,NA,NA,NA
matthews_g,openalex,2026-07-12,2011,5,0,NA,NA,NA
matthews_g,openalex,2026-07-12,2012,7,511,NA,NA,NA
matthews_g,openalex,2026-07-12,2013,1,509,NA,NA,NA
matthews_g,openalex,2026-07-12,2014,6,604,NA,NA,NA
matthews_g,openalex,2026-07-12,2015,1,560,NA,NA,NA
matthews_g,openalex,2026-07-12,2016,4,479,NA,NA,NA
matthews_g,openalex,2026-07-12,2017,5,521,NA,NA,NA
matthews_g,openalex,2026-07-12,2018,2,514,NA,NA,NA
matthews_g,openalex,2026-07-12,2019,4,495,NA,NA,NA
matthews_g,openalex,2026-07-12,2020,6,1014,NA,NA,NA
matthews_g,openalex,2026-07-12,2021,1,493,NA,NA,NA
matthews_g,openalex,2026-07-12,2022,1,453,NA,NA,NA
matthews_g,openalex,2026-07-12,2023,1,442,NA,NA,NA
matthews_g,openalex,2026-07-12,2024,1,447,NA,NA,NA
matthews_g,openalex,2026-07-12,2026,0,159,NA,NA,NA
matthews_g,openalex,2026-07-12,2025,0,354,NA,NA,NA
matthews_g,openalex,2026-07-12,lifetime,223,12963,54,128,NA
mcdonald_c,openalex,2026-07-12,1995,2,0,NA,NA,NA
mcdonald_c,openalex,2026-07-12,1999,1,0,NA,NA,NA
mcdonald_c,openalex,2026-07-12,2003,1,0,NA,NA,NA
mcdonald_c,openalex,2026-07-12,2004,2,0,NA,NA,NA
mcdonald_c,openalex,2026-07-12,2005,2,0,NA,NA,NA
mcdonald_c,openalex,2026-07-12,2006,2,0,NA,NA,NA
mcdonald_c,openalex,2026-07-12,2007,4,0,NA,NA,NA
mcdonald_c,openalex,2026-07-12,2008,1,0,NA,NA,NA
mcdonald_c,openalex,2026-07-12,2009,1,0,NA,NA,NA
mcdonald_c,openalex,2026-07-12,2010,5,0,NA,NA,NA
mcdonald_c,openalex,2026-07-12,2011,4,0,NA,NA,NA
mcdonald_c,openalex,2026-07-12,2012,7,53,NA,NA,NA
mcdonald_c,openalex,2026-07-12,2013,6,86,NA,NA,NA
mcdonald_c,openalex,2026-07-12,2014,6,104,NA,NA,NA
mcdonald_c,openalex,2026-07-12,2015,3,114,NA,NA,NA
mcdonald_c,openalex,2026-07-12,2016,1,114,NA,NA,NA
mcdonald_c,openalex,2026-07-12,2017,4,112,NA,NA,NA
mcdonald_c,openalex,2026-07-12,2018,4,121,NA,NA,NA
mcdonald_c,openalex,2026-07-12,2019,1,132,NA,NA,NA
mcdonald_c,openalex,2026-07-12,2020,2,114,NA,NA,NA
mcdonald_c,openalex,2026-07-12,2021,4,147,NA,NA,NA
mcdonald_c,openalex,2026-07-12,2022,2,126,NA,NA,NA
mcdonald_c,openalex,2026-07-12,2023,6,147,NA,NA,NA
mcdonald_c,openalex,2026-07-12,2025,2,118,NA,NA,NA
mcdonald_c,openalex,2026-07-12,2026,0,51,NA,NA,NA
mcdonald_c,openalex,2026-07-12,2024,0,113,NA,NA,NA
mcdonald_c,openalex,2026-07-12,lifetime,73,1868,26,47,NA
mcquaid_g,openalex,2026-07-12,2012,1,0,NA,NA,NA
mcquaid_g,openalex,2026-07-12,2017,2,2,NA,NA,NA
mcquaid_g,openalex,2026-07-12,2018,2,4,NA,NA,NA
mcquaid_g,openalex,2026-07-12,2019,4,3,NA,NA,NA
mcquaid_g,openalex,2026-07-12,2020,3,11,NA,NA,NA
mcquaid_g,openalex,2026-07-12,2021,8,17,NA,NA,NA
mcquaid_g,openalex,2026-07-12,2022,20,61,NA,NA,NA
mcquaid_g,openalex,2026-07-12,2023,18,107,NA,NA,NA
mcquaid_g,openalex,2026-07-12,2024,13,199,NA,NA,NA
mcquaid_g,openalex,2026-07-12,2025,9,279,NA,NA,NA
mcquaid_g,openalex,2026-07-12,2026,3,155,NA,NA,NA
mcquaid_g,openalex,2026-07-12,lifetime,83,838,18,21,NA
melley_a,openalex,2026-07-12,2002,2,0,NA,NA,NA
melley_a,openalex,2026-07-12,2006,1,0,NA,NA,NA
melley_a,openalex,2026-07-12,2010,1,0,NA,NA,NA
melley_a,openalex,2026-07-12,2023,1,3,NA,NA,NA
melley_a,openalex,2026-07-12,2025,0,2,NA,NA,NA
melley_a,openalex,2026-07-12,2024,0,3,NA,NA,NA
melley_a,openalex,2026-07-12,2022,0,4,NA,NA,NA
melley_a,openalex,2026-07-12,2021,0,8,NA,NA,NA
melley_a,openalex,2026-07-12,2019,0,3,NA,NA,NA
melley_a,openalex,2026-07-12,2018,0,6,NA,NA,NA
melley_a,openalex,2026-07-12,2017,0,6,NA,NA,NA
melley_a,openalex,2026-07-12,2016,0,2,NA,NA,NA
melley_a,openalex,2026-07-12,2015,0,5,NA,NA,NA
melley_a,openalex,2026-07-12,2014,0,12,NA,NA,NA
melley_a,openalex,2026-07-12,2013,0,6,NA,NA,NA
melley_a,openalex,2026-07-12,2012,0,6,NA,NA,NA
melley_a,openalex,2026-07-12,2020,0,6,NA,NA,NA
melley_a,openalex,2026-07-12,lifetime,5,116,4,2,NA
murdoch_e,openalex,2026-07-12,2006,1,0,NA,NA,NA
murdoch_e,openalex,2026-07-12,2010,1,0,NA,NA,NA
murdoch_e,openalex,2026-07-12,2016,1,5,NA,NA,NA
murdoch_e,openalex,2026-07-12,2017,1,3,NA,NA,NA
murdoch_e,openalex,2026-07-12,2026,0,11,NA,NA,NA
murdoch_e,openalex,2026-07-12,2025,0,20,NA,NA,NA
murdoch_e,openalex,2026-07-12,2024,0,12,NA,NA,NA
murdoch_e,openalex,2026-07-12,2023,0,24,NA,NA,NA
murdoch_e,openalex,2026-07-12,2022,0,13,NA,NA,NA
murdoch_e,openalex,2026-07-12,2021,0,17,NA,NA,NA
murdoch_e,openalex,2026-07-12,2020,0,17,NA,NA,NA
murdoch_e,openalex,2026-07-12,2019,0,5,NA,NA,NA
murdoch_e,openalex,2026-07-12,2018,0,8,NA,NA,NA
murdoch_e,openalex,2026-07-12,2015,0,4,NA,NA,NA
murdoch_e,openalex,2026-07-12,2014,0,5,NA,NA,NA
murdoch_e,openalex,2026-07-12,2013,0,2,NA,NA,NA
murdoch_e,openalex,2026-07-12,2012,0,3,NA,NA,NA
murdoch_e,openalex,2026-07-12,lifetime,4,153,2,2,NA
peterson_m,openalex,2026-07-12,1994,1,0,NA,NA,NA
peterson_m,openalex,2026-07-12,1997,1,0,NA,NA,NA
peterson_m,openalex,2026-07-12,2000,4,0,NA,NA,NA
peterson_m,openalex,2026-07-12,2001,7,0,NA,NA,NA
peterson_m,openalex,2026-07-12,2002,3,0,NA,NA,NA
peterson_m,openalex,2026-07-12,2003,2,0,NA,NA,NA
peterson_m,openalex,2026-07-12,2004,7,0,NA,NA,NA
peterson_m,openalex,2026-07-12,2005,5,0,NA,NA,NA
peterson_m,openalex,2026-07-12,2006,3,0,NA,NA,NA
peterson_m,openalex,2026-07-12,2007,6,0,NA,NA,NA
peterson_m,openalex,2026-07-12,2008,2,0,NA,NA,NA
peterson_m,openalex,2026-07-12,2009,3,0,NA,NA,NA
peterson_m,openalex,2026-07-12,2010,14,0,NA,NA,NA
peterson_m,openalex,2026-07-12,2011,2,0,NA,NA,NA
peterson_m,openalex,2026-07-12,2012,2,140,NA,NA,NA
peterson_m,openalex,2026-07-12,2013,3,117,NA,NA,NA
peterson_m,openalex,2026-07-12,2014,1,100,NA,NA,NA
peterson_m,openalex,2026-07-12,2015,2,107,NA,NA,NA
peterson_m,openalex,2026-07-12,2018,3,67,NA,NA,NA
peterson_m,openalex,2026-07-12,2019,2,113,NA,NA,NA
peterson_m,openalex,2026-07-12,2021,1,88,NA,NA,NA
peterson_m,openalex,2026-07-12,2022,3,78,NA,NA,NA
peterson_m,openalex,2026-07-12,2023,1,72,NA,NA,NA
peterson_m,openalex,2026-07-12,2024,3,62,NA,NA,NA
peterson_m,openalex,2026-07-12,2025,1,87,NA,NA,NA
peterson_m,openalex,2026-07-12,2026,1,35,NA,NA,NA
peterson_m,openalex,2026-07-12,2020,0,101,NA,NA,NA
peterson_m,openalex,2026-07-12,2017,0,106,NA,NA,NA
peterson_m,openalex,2026-07-12,2016,0,95,NA,NA,NA
peterson_m,openalex,2026-07-12,lifetime,83,2280,21,31,NA
phillips_e,openalex,2026-07-12,1978,1,0,NA,NA,NA
phillips_e,openalex,2026-07-12,1999,1,0,NA,NA,NA
phillips_e,openalex,2026-07-12,2003,1,0,NA,NA,NA
phillips_e,openalex,2026-07-12,2008,1,0,NA,NA,NA
phillips_e,openalex,2026-07-12,2009,4,0,NA,NA,NA
phillips_e,openalex,2026-07-12,2010,4,0,NA,NA,NA
phillips_e,openalex,2026-07-12,2011,6,0,NA,NA,NA
phillips_e,openalex,2026-07-12,2012,5,31,NA,NA,NA
phillips_e,openalex,2026-07-12,2013,3,38,NA,NA,NA
phillips_e,openalex,2026-07-12,2014,4,25,NA,NA,NA
phillips_e,openalex,2026-07-12,2015,4,21,NA,NA,NA
phillips_e,openalex,2026-07-12,2016,1,41,NA,NA,NA
phillips_e,openalex,2026-07-12,2017,3,27,NA,NA,NA
phillips_e,openalex,2026-07-12,2018,4,67,NA,NA,NA
phillips_e,openalex,2026-07-12,2019,9,104,NA,NA,NA
phillips_e,openalex,2026-07-12,2020,10,185,NA,NA,NA
phillips_e,openalex,2026-07-12,2021,13,221,NA,NA,NA
phillips_e,openalex,2026-07-12,2022,6,262,NA,NA,NA
phillips_e,openalex,2026-07-12,2023,12,270,NA,NA,NA
phillips_e,openalex,2026-07-12,2024,7,305,NA,NA,NA
phillips_e,openalex,2026-07-12,2025,5,330,NA,NA,NA
phillips_e,openalex,2026-07-12,2026,0,153,NA,NA,NA
phillips_e,openalex,2026-07-12,lifetime,104,2127,22,40,NA
renshaw_k,openalex,2026-07-12,1993,1,0,NA,NA,NA
renshaw_k,openalex,2026-07-12,2000,1,0,NA,NA,NA
renshaw_k,openalex,2026-07-12,2001,1,0,NA,NA,NA
renshaw_k,openalex,2026-07-12,2003,1,0,NA,NA,NA
renshaw_k,openalex,2026-07-12,2005,1,0,NA,NA,NA
renshaw_k,openalex,2026-07-12,2006,2,0,NA,NA,NA
renshaw_k,openalex,2026-07-12,2007,2,0,NA,NA,NA
renshaw_k,openalex,2026-07-12,2008,3,0,NA,NA,NA
renshaw_k,openalex,2026-07-12,2009,11,0,NA,NA,NA
renshaw_k,openalex,2026-07-12,2010,15,0,NA,NA,NA
renshaw_k,openalex,2026-07-12,2011,7,0,NA,NA,NA
renshaw_k,openalex,2026-07-12,2012,6,94,NA,NA,NA
renshaw_k,openalex,2026-07-12,2013,12,121,NA,NA,NA
renshaw_k,openalex,2026-07-12,2014,9,154,NA,NA,NA
renshaw_k,openalex,2026-07-12,2015,6,223,NA,NA,NA
renshaw_k,openalex,2026-07-12,2016,10,262,NA,NA,NA
renshaw_k,openalex,2026-07-12,2017,3,225,NA,NA,NA
renshaw_k,openalex,2026-07-12,2018,13,315,NA,NA,NA
renshaw_k,openalex,2026-07-12,2019,5,285,NA,NA,NA
renshaw_k,openalex,2026-07-12,2020,7,347,NA,NA,NA
renshaw_k,openalex,2026-07-12,2021,5,318,NA,NA,NA
renshaw_k,openalex,2026-07-12,2022,5,308,NA,NA,NA
renshaw_k,openalex,2026-07-12,2023,10,291,NA,NA,NA
renshaw_k,openalex,2026-07-12,2024,1,342,NA,NA,NA
renshaw_k,openalex,2026-07-12,2025,2,235,NA,NA,NA
renshaw_k,openalex,2026-07-12,2026,2,131,NA,NA,NA
renshaw_k,openalex,2026-07-12,lifetime,141,3894,33,81,NA
roesler_e,openalex,2026-07-12,1977,1,0,NA,NA,NA
roesler_e,openalex,2026-07-12,2019,1,0,NA,NA,NA
roesler_e,openalex,2026-07-12,2020,7,13,NA,NA,NA
roesler_e,openalex,2026-07-12,2021,5,40,NA,NA,NA
roesler_e,openalex,2026-07-12,2022,9,113,NA,NA,NA
roesler_e,openalex,2026-07-12,2023,9,171,NA,NA,NA
roesler_e,openalex,2026-07-12,2024,9,229,NA,NA,NA
roesler_e,openalex,2026-07-12,2025,11,366,NA,NA,NA
roesler_e,openalex,2026-07-12,2026,9,243,NA,NA,NA
roesler_e,openalex,2026-07-12,lifetime,61,1177,16,22,NA
rupp_d,openalex,2026-07-12,1999,1,0,NA,NA,NA
rupp_d,openalex,2026-07-12,2001,2,0,NA,NA,NA
rupp_d,openalex,2026-07-12,2002,5,0,NA,NA,NA
rupp_d,openalex,2026-07-12,2003,6,0,NA,NA,NA
rupp_d,openalex,2026-07-12,2004,3,0,NA,NA,NA
rupp_d,openalex,2026-07-12,2005,6,0,NA,NA,NA
rupp_d,openalex,2026-07-12,2006,18,0,NA,NA,NA
rupp_d,openalex,2026-07-12,2007,11,0,NA,NA,NA
rupp_d,openalex,2026-07-12,2008,7,0,NA,NA,NA
rupp_d,openalex,2026-07-12,2009,19,0,NA,NA,NA
rupp_d,openalex,2026-07-12,2010,10,0,NA,NA,NA
rupp_d,openalex,2026-07-12,2011,15,0,NA,NA,NA
rupp_d,openalex,2026-07-12,2012,3,737,NA,NA,NA
rupp_d,openalex,2026-07-12,2013,10,845,NA,NA,NA
rupp_d,openalex,2026-07-12,2014,17,989,NA,NA,NA
rupp_d,openalex,2026-07-12,2015,12,999,NA,NA,NA
rupp_d,openalex,2026-07-12,2016,5,915,NA,NA,NA
rupp_d,openalex,2026-07-12,2017,22,1068,NA,NA,NA
rupp_d,openalex,2026-07-12,2018,6,1118,NA,NA,NA
rupp_d,openalex,2026-07-12,2019,9,1318,NA,NA,NA
rupp_d,openalex,2026-07-12,2020,5,1379,NA,NA,NA
rupp_d,openalex,2026-07-12,2021,4,1405,NA,NA,NA
rupp_d,openalex,2026-07-12,2022,19,1462,NA,NA,NA
rupp_d,openalex,2026-07-12,2023,5,1447,NA,NA,NA
rupp_d,openalex,2026-07-12,2024,14,1314,NA,NA,NA
rupp_d,openalex,2026-07-12,2025,7,1220,NA,NA,NA
rupp_d,openalex,2026-07-12,2026,1,601,NA,NA,NA
rupp_d,openalex,2026-07-12,lifetime,242,19368,50,92,NA
sanchez_a,openalex,2026-07-12,2010,1,0,NA,NA,NA
sanchez_a,openalex,2026-07-12,2011,1,0,NA,NA,NA
sanchez_a,openalex,2026-07-12,2013,1,1,NA,NA,NA
sanchez_a,openalex,2026-07-12,2014,1,8,NA,NA,NA
sanchez_a,openalex,2026-07-12,2015,3,10,NA,NA,NA
sanchez_a,openalex,2026-07-12,2016,3,8,NA,NA,NA
sanchez_a,openalex,2026-07-12,2017,8,17,NA,NA,NA
sanchez_a,openalex,2026-07-12,2018,1,50,NA,NA,NA
sanchez_a,openalex,2026-07-12,2019,5,78,NA,NA,NA
sanchez_a,openalex,2026-07-12,2020,4,126,NA,NA,NA
sanchez_a,openalex,2026-07-12,2021,4,191,NA,NA,NA
sanchez_a,openalex,2026-07-12,2022,6,181,NA,NA,NA
sanchez_a,openalex,2026-07-12,2023,9,183,NA,NA,NA
sanchez_a,openalex,2026-07-12,2024,7,232,NA,NA,NA
sanchez_a,openalex,2026-07-12,2025,5,190,NA,NA,NA
sanchez_a,openalex,2026-07-12,2026,2,112,NA,NA,NA
sanchez_a,openalex,2026-07-12,2012,0,5,NA,NA,NA
sanchez_a,openalex,2026-07-12,lifetime,62,1397,16,25,NA
savage_n,openalex,2026-07-12,2014,1,0,NA,NA,NA
savage_n,openalex,2026-07-12,2015,3,0,NA,NA,NA
savage_n,openalex,2026-07-12,2016,1,1,NA,NA,NA
savage_n,openalex,2026-07-12,2017,4,3,NA,NA,NA
savage_n,openalex,2026-07-12,2019,1,3,NA,NA,NA
savage_n,openalex,2026-07-12,2020,3,2,NA,NA,NA
savage_n,openalex,2026-07-12,2021,1,4,NA,NA,NA
savage_n,openalex,2026-07-12,2022,2,10,NA,NA,NA
savage_n,openalex,2026-07-12,2023,1,9,NA,NA,NA
savage_n,openalex,2026-07-12,2024,2,17,NA,NA,NA
savage_n,openalex,2026-07-12,2026,1,6,NA,NA,NA
savage_n,openalex,2026-07-12,2025,0,25,NA,NA,NA
savage_n,openalex,2026-07-12,2018,0,4,NA,NA,NA
savage_n,openalex,2026-07-12,lifetime,20,84,4,3,NA
sheridan_k,openalex,2026-07-12,2003,1,0,NA,NA,NA
sheridan_k,openalex,2026-07-12,2004,1,0,NA,NA,NA
sheridan_k,openalex,2026-07-12,2006,1,0,NA,NA,NA
sheridan_k,openalex,2026-07-12,2007,2,0,NA,NA,NA
sheridan_k,openalex,2026-07-12,2008,1,0,NA,NA,NA
sheridan_k,openalex,2026-07-12,2009,2,0,NA,NA,NA
sheridan_k,openalex,2026-07-12,2010,35,0,NA,NA,NA
sheridan_k,openalex,2026-07-12,2011,3,0,NA,NA,NA
sheridan_k,openalex,2026-07-12,2013,6,21,NA,NA,NA
sheridan_k,openalex,2026-07-12,2014,6,35,NA,NA,NA
sheridan_k,openalex,2026-07-12,2015,3,39,NA,NA,NA
sheridan_k,openalex,2026-07-12,2016,4,122,NA,NA,NA
sheridan_k,openalex,2026-07-12,2017,2,188,NA,NA,NA
sheridan_k,openalex,2026-07-12,2018,1,206,NA,NA,NA
sheridan_k,openalex,2026-07-12,2019,3,352,NA,NA,NA
sheridan_k,openalex,2026-07-12,2020,3,309,NA,NA,NA
sheridan_k,openalex,2026-07-12,2021,1,307,NA,NA,NA
sheridan_k,openalex,2026-07-12,2022,3,300,NA,NA,NA
sheridan_k,openalex,2026-07-12,2023,4,249,NA,NA,NA
sheridan_k,openalex,2026-07-12,2024,1,271,NA,NA,NA
sheridan_k,openalex,2026-07-12,2025,2,187,NA,NA,NA
sheridan_k,openalex,2026-07-12,2026,0,83,NA,NA,NA
sheridan_k,openalex,2026-07-12,2012,0,11,NA,NA,NA
sheridan_k,openalex,2026-07-12,lifetime,85,2743,17,20,NA
short_j,openalex,2026-07-12,1988,1,0,NA,NA,NA
short_j,openalex,2026-07-12,1989,2,0,NA,NA,NA
short_j,openalex,2026-07-12,1990,1,0,NA,NA,NA
short_j,openalex,2026-07-12,1995,2,0,NA,NA,NA
short_j,openalex,2026-07-12,1996,2,0,NA,NA,NA
short_j,openalex,2026-07-12,1998,3,0,NA,NA,NA
short_j,openalex,2026-07-12,2002,1,0,NA,NA,NA
short_j,openalex,2026-07-12,2009,1,0,NA,NA,NA
short_j,openalex,2026-07-12,2010,1,0,NA,NA,NA
short_j,openalex,2026-07-12,2014,4,20,NA,NA,NA
short_j,openalex,2026-07-12,2015,1,27,NA,NA,NA
short_j,openalex,2026-07-12,2016,2,53,NA,NA,NA
short_j,openalex,2026-07-12,2018,2,58,NA,NA,NA
short_j,openalex,2026-07-12,2020,1,115,NA,NA,NA
short_j,openalex,2026-07-12,2021,3,146,NA,NA,NA
short_j,openalex,2026-07-12,2026,0,63,NA,NA,NA
short_j,openalex,2026-07-12,2025,0,123,NA,NA,NA
short_j,openalex,2026-07-12,2024,0,129,NA,NA,NA
short_j,openalex,2026-07-12,2023,0,144,NA,NA,NA
short_j,openalex,2026-07-12,2022,0,136,NA,NA,NA
short_j,openalex,2026-07-12,2019,0,87,NA,NA,NA
short_j,openalex,2026-07-12,2017,0,59,NA,NA,NA
short_j,openalex,2026-07-12,2013,0,13,NA,NA,NA
short_j,openalex,2026-07-12,2012,0,27,NA,NA,NA
short_j,openalex,2026-07-12,lifetime,27,1596,16,20,NA
smithgray_s,openalex,2026-07-12,1995,2,0,NA,NA,NA
smithgray_s,openalex,2026-07-12,2004,2,0,NA,NA,NA
smithgray_s,openalex,2026-07-12,2026,0,1,NA,NA,NA
smithgray_s,openalex,2026-07-12,2023,0,2,NA,NA,NA
smithgray_s,openalex,2026-07-12,2022,0,2,NA,NA,NA
smithgray_s,openalex,2026-07-12,2020,0,2,NA,NA,NA
smithgray_s,openalex,2026-07-12,2017,0,1,NA,NA,NA
smithgray_s,openalex,2026-07-12,2013,0,2,NA,NA,NA
smithgray_s,openalex,2026-07-12,2012,0,3,NA,NA,NA
smithgray_s,openalex,2026-07-12,2021,0,1,NA,NA,NA
smithgray_s,openalex,2026-07-12,2015,0,1,NA,NA,NA
smithgray_s,openalex,2026-07-12,2014,0,1,NA,NA,NA
smithgray_s,openalex,2026-07-12,lifetime,4,42,4,2,NA
stagl_k,openalex,2026-07-12,2003,1,0,NA,NA,NA
stagl_k,openalex,2026-07-12,2004,4,0,NA,NA,NA
stagl_k,openalex,2026-07-12,2005,1,0,NA,NA,NA
stagl_k,openalex,2026-07-12,2006,6,0,NA,NA,NA
stagl_k,openalex,2026-07-12,2007,8,0,NA,NA,NA
stagl_k,openalex,2026-07-12,2008,4,0,NA,NA,NA
stagl_k,openalex,2026-07-12,2009,4,0,NA,NA,NA
stagl_k,openalex,2026-07-12,2010,4,0,NA,NA,NA
stagl_k,openalex,2026-07-12,2011,2,0,NA,NA,NA
stagl_k,openalex,2026-07-12,2012,2,180,NA,NA,NA
stagl_k,openalex,2026-07-12,2017,1,211,NA,NA,NA
stagl_k,openalex,2026-07-12,2022,1,169,NA,NA,NA
stagl_k,openalex,2026-07-12,2023,1,179,NA,NA,NA
stagl_k,openalex,2026-07-12,2026,0,62,NA,NA,NA
stagl_k,openalex,2026-07-12,2025,0,159,NA,NA,NA
stagl_k,openalex,2026-07-12,2024,0,189,NA,NA,NA
stagl_k,openalex,2026-07-12,2021,0,214,NA,NA,NA
stagl_k,openalex,2026-07-12,2020,0,172,NA,NA,NA
stagl_k,openalex,2026-07-12,2019,0,172,NA,NA,NA
stagl_k,openalex,2026-07-12,2018,0,231,NA,NA,NA
stagl_k,openalex,2026-07-12,2016,0,188,NA,NA,NA
stagl_k,openalex,2026-07-12,2015,0,200,NA,NA,NA
stagl_k,openalex,2026-07-12,2014,0,178,NA,NA,NA
stagl_k,openalex,2026-07-12,2013,0,171,NA,NA,NA
stagl_k,openalex,2026-07-12,lifetime,39,3217,11,12,NA
stuewig_j,openalex,2026-07-12,2000,1,0,NA,NA,NA
stuewig_j,openalex,2026-07-12,2001,1,0,NA,NA,NA
stuewig_j,openalex,2026-07-12,2003,1,0,NA,NA,NA
stuewig_j,openalex,2026-07-12,2004,2,0,NA,NA,NA
stuewig_j,openalex,2026-07-12,2005,2,0,NA,NA,NA
stuewig_j,openalex,2026-07-12,2006,7,0,NA,NA,NA
stuewig_j,openalex,2026-07-12,2007,5,0,NA,NA,NA
stuewig_j,openalex,2026-07-12,2008,6,0,NA,NA,NA
stuewig_j,openalex,2026-07-12,2009,6,0,NA,NA,NA
stuewig_j,openalex,2026-07-12,2010,3,0,NA,NA,NA
stuewig_j,openalex,2026-07-12,2011,3,0,NA,NA,NA
stuewig_j,openalex,2026-07-12,2012,7,144,NA,NA,NA
stuewig_j,openalex,2026-07-12,2013,7,172,NA,NA,NA
stuewig_j,openalex,2026-07-12,2014,5,181,NA,NA,NA
stuewig_j,openalex,2026-07-12,2015,4,204,NA,NA,NA
stuewig_j,openalex,2026-07-12,2016,4,219,NA,NA,NA
stuewig_j,openalex,2026-07-12,2017,4,240,NA,NA,NA
stuewig_j,openalex,2026-07-12,2018,3,232,NA,NA,NA
stuewig_j,openalex,2026-07-12,2019,2,255,NA,NA,NA
stuewig_j,openalex,2026-07-12,2021,2,283,NA,NA,NA
stuewig_j,openalex,2026-07-12,2022,2,270,NA,NA,NA
stuewig_j,openalex,2026-07-12,2023,1,306,NA,NA,NA
stuewig_j,openalex,2026-07-12,2026,0,106,NA,NA,NA
stuewig_j,openalex,2026-07-12,2025,0,205,NA,NA,NA
stuewig_j,openalex,2026-07-12,2024,0,221,NA,NA,NA
stuewig_j,openalex,2026-07-12,2020,0,312,NA,NA,NA
stuewig_j,openalex,2026-07-12,lifetime,78,3696,32,42,NA
tangney_j,openalex,2026-07-12,1987,2,0,NA,NA,NA
tangney_j,openalex,2026-07-12,1988,4,0,NA,NA,NA
tangney_j,openalex,2026-07-12,1990,2,0,NA,NA,NA
tangney_j,openalex,2026-07-12,1991,3,0,NA,NA,NA
tangney_j,openalex,2026-07-12,1992,8,0,NA,NA,NA
tangney_j,openalex,2026-07-12,1994,3,0,NA,NA,NA
tangney_j,openalex,2026-07-12,1995,5,0,NA,NA,NA
tangney_j,openalex,2026-07-12,1996,9,0,NA,NA,NA
tangney_j,openalex,2026-07-12,1998,3,0,NA,NA,NA
tangney_j,openalex,2026-07-12,1999,1,0,NA,NA,NA
tangney_j,openalex,2026-07-12,2000,6,0,NA,NA,NA
tangney_j,openalex,2026-07-12,2001,2,0,NA,NA,NA
tangney_j,openalex,2026-07-12,2002,3,0,NA,NA,NA
tangney_j,openalex,2026-07-12,2003,7,0,NA,NA,NA
tangney_j,openalex,2026-07-12,2004,9,0,NA,NA,NA
tangney_j,openalex,2026-07-12,2005,3,0,NA,NA,NA
tangney_j,openalex,2026-07-12,2006,10,0,NA,NA,NA
tangney_j,openalex,2026-07-12,2007,8,0,NA,NA,NA
tangney_j,openalex,2026-07-12,2008,8,0,NA,NA,NA
tangney_j,openalex,2026-07-12,2009,8,0,NA,NA,NA
tangney_j,openalex,2026-07-12,2010,4,0,NA,NA,NA
tangney_j,openalex,2026-07-12,2011,5,0,NA,NA,NA
tangney_j,openalex,2026-07-12,2012,7,1342,NA,NA,NA
tangney_j,openalex,2026-07-12,2013,7,1423,NA,NA,NA
tangney_j,openalex,2026-07-12,2014,6,1504,NA,NA,NA
tangney_j,openalex,2026-07-12,2015,8,1607,NA,NA,NA
tangney_j,openalex,2026-07-12,2016,12,1515,NA,NA,NA
tangney_j,openalex,2026-07-12,2017,8,1686,NA,NA,NA
tangney_j,openalex,2026-07-12,2018,7,1597,NA,NA,NA
tangney_j,openalex,2026-07-12,2019,4,1839,NA,NA,NA
tangney_j,openalex,2026-07-12,2020,1,2047,NA,NA,NA
tangney_j,openalex,2026-07-12,2021,2,2065,NA,NA,NA
tangney_j,openalex,2026-07-12,2022,5,1824,NA,NA,NA
tangney_j,openalex,2026-07-12,2023,1,1886,NA,NA,NA
tangney_j,openalex,2026-07-12,2024,1,1658,NA,NA,NA
tangney_j,openalex,2026-07-12,2025,2,1589,NA,NA,NA
tangney_j,openalex,2026-07-12,2026,0,804,NA,NA,NA
tangney_j,openalex,2026-07-12,lifetime,184,31902,68,111,NA
thompson_d,openalex,2026-07-12,2010,1,0,NA,NA,NA
thompson_d,openalex,2026-07-12,2011,1,0,NA,NA,NA
thompson_d,openalex,2026-07-12,2012,1,2,NA,NA,NA
thompson_d,openalex,2026-07-12,2013,1,2,NA,NA,NA
thompson_d,openalex,2026-07-12,2014,2,7,NA,NA,NA
thompson_d,openalex,2026-07-12,2025,0,9,NA,NA,NA
thompson_d,openalex,2026-07-12,2023,0,12,NA,NA,NA
thompson_d,openalex,2026-07-12,2022,0,8,NA,NA,NA
thompson_d,openalex,2026-07-12,2020,0,11,NA,NA,NA
thompson_d,openalex,2026-07-12,2019,0,5,NA,NA,NA
thompson_d,openalex,2026-07-12,2018,0,4,NA,NA,NA
thompson_d,openalex,2026-07-12,2017,0,5,NA,NA,NA
thompson_d,openalex,2026-07-12,2016,0,6,NA,NA,NA
thompson_d,openalex,2026-07-12,2015,0,6,NA,NA,NA
thompson_d,openalex,2026-07-12,2026,0,3,NA,NA,NA
thompson_d,openalex,2026-07-12,2024,0,1,NA,NA,NA
thompson_d,openalex,2026-07-12,2021,0,3,NA,NA,NA
thompson_d,openalex,2026-07-12,lifetime,6,86,3,3,NA
tonge_n,openalex,2026-07-12,2010,2,0,NA,NA,NA
tonge_n,openalex,2026-07-12,2013,1,26,NA,NA,NA
tonge_n,openalex,2026-07-12,2014,3,15,NA,NA,NA
tonge_n,openalex,2026-07-12,2015,2,27,NA,NA,NA
tonge_n,openalex,2026-07-12,2016,3,30,NA,NA,NA
tonge_n,openalex,2026-07-12,2017,1,26,NA,NA,NA
tonge_n,openalex,2026-07-12,2018,5,57,NA,NA,NA
tonge_n,openalex,2026-07-12,2019,1,63,NA,NA,NA
tonge_n,openalex,2026-07-12,2020,1,81,NA,NA,NA
tonge_n,openalex,2026-07-12,2021,6,89,NA,NA,NA
tonge_n,openalex,2026-07-12,2022,1,89,NA,NA,NA
tonge_n,openalex,2026-07-12,2023,4,97,NA,NA,NA
tonge_n,openalex,2026-07-12,2024,4,89,NA,NA,NA
tonge_n,openalex,2026-07-12,2025,10,90,NA,NA,NA
tonge_n,openalex,2026-07-12,2026,4,51,NA,NA,NA
tonge_n,openalex,2026-07-12,2012,0,11,NA,NA,NA
tonge_n,openalex,2026-07-12,lifetime,48,867,13,17,NA
wiener_m,openalex,2026-07-12,1932,1,0,NA,NA,NA
wiener_m,openalex,2026-07-12,1949,1,0,NA,NA,NA
wiener_m,openalex,2026-07-12,1950,1,0,NA,NA,NA
wiener_m,openalex,2026-07-12,1951,1,0,NA,NA,NA
wiener_m,openalex,2026-07-12,1971,1,0,NA,NA,NA
wiener_m,openalex,2026-07-12,1972,1,0,NA,NA,NA
wiener_m,openalex,2026-07-12,1973,1,0,NA,NA,NA
wiener_m,openalex,2026-07-12,1974,1,0,NA,NA,NA
wiener_m,openalex,2026-07-12,1976,1,0,NA,NA,NA
wiener_m,openalex,2026-07-12,1979,3,0,NA,NA,NA
wiener_m,openalex,2026-07-12,1980,1,0,NA,NA,NA
wiener_m,openalex,2026-07-12,1981,1,0,NA,NA,NA
wiener_m,openalex,2026-07-12,1982,1,0,NA,NA,NA
wiener_m,openalex,2026-07-12,1983,1,0,NA,NA,NA
wiener_m,openalex,2026-07-12,1984,4,0,NA,NA,NA
wiener_m,openalex,2026-07-12,1985,5,0,NA,NA,NA
wiener_m,openalex,2026-07-12,1986,3,0,NA,NA,NA
wiener_m,openalex,2026-07-12,1987,4,0,NA,NA,NA
wiener_m,openalex,2026-07-12,1989,3,0,NA,NA,NA
wiener_m,openalex,2026-07-12,1992,4,0,NA,NA,NA
wiener_m,openalex,2026-07-12,1993,5,0,NA,NA,NA
wiener_m,openalex,2026-07-12,1994,2,0,NA,NA,NA
wiener_m,openalex,2026-07-12,1995,3,0,NA,NA,NA
wiener_m,openalex,2026-07-12,1996,1,0,NA,NA,NA
wiener_m,openalex,2026-07-12,1997,2,0,NA,NA,NA
wiener_m,openalex,2026-07-12,1998,2,0,NA,NA,NA
wiener_m,openalex,2026-07-12,1999,4,0,NA,NA,NA
wiener_m,openalex,2026-07-12,2001,2,0,NA,NA,NA
wiener_m,openalex,2026-07-12,2004,26,0,NA,NA,NA
wiener_m,openalex,2026-07-12,2005,3,0,NA,NA,NA
wiener_m,openalex,2026-07-12,2006,7,0,NA,NA,NA
wiener_m,openalex,2026-07-12,2007,4,0,NA,NA,NA
wiener_m,openalex,2026-07-12,2008,14,0,NA,NA,NA
wiener_m,openalex,2026-07-12,2009,2,0,NA,NA,NA
wiener_m,openalex,2026-07-12,2010,15,0,NA,NA,NA
wiener_m,openalex,2026-07-12,2011,12,0,NA,NA,NA
wiener_m,openalex,2026-07-12,2012,12,133,NA,NA,NA
wiener_m,openalex,2026-07-12,2013,4,107,NA,NA,NA
wiener_m,openalex,2026-07-12,2014,9,129,NA,NA,NA
wiener_m,openalex,2026-07-12,2015,3,155,NA,NA,NA
wiener_m,openalex,2026-07-12,2016,8,103,NA,NA,NA
wiener_m,openalex,2026-07-12,2017,13,170,NA,NA,NA
wiener_m,openalex,2026-07-12,2018,11,141,NA,NA,NA
wiener_m,openalex,2026-07-12,2019,7,227,NA,NA,NA
wiener_m,openalex,2026-07-12,2020,11,254,NA,NA,NA
wiener_m,openalex,2026-07-12,2021,12,321,NA,NA,NA
wiener_m,openalex,2026-07-12,2022,6,316,NA,NA,NA
wiener_m,openalex,2026-07-12,2023,10,332,NA,NA,NA
wiener_m,openalex,2026-07-12,2024,3,360,NA,NA,NA
wiener_m,openalex,2026-07-12,2025,12,444,NA,NA,NA
wiener_m,openalex,2026-07-12,2026,4,251,NA,NA,NA
wiener_m,openalex,2026-07-12,lifetime,268,4959,30,66,NA
winsler_a,openalex,2026-07-12,1991,1,0,NA,NA,NA
winsler_a,openalex,2026-07-12,1993,1,0,NA,NA,NA
winsler_a,openalex,2026-07-12,1994,1,0,NA,NA,NA
winsler_a,openalex,2026-07-12,1995,3,0,NA,NA,NA
winsler_a,openalex,2026-07-12,1997,5,0,NA,NA,NA
winsler_a,openalex,2026-07-12,1998,2,0,NA,NA,NA
winsler_a,openalex,2026-07-12,1999,5,0,NA,NA,NA
winsler_a,openalex,2026-07-12,2000,5,0,NA,NA,NA
winsler_a,openalex,2026-07-12,2001,1,0,NA,NA,NA
winsler_a,openalex,2026-07-12,2002,5,0,NA,NA,NA
winsler_a,openalex,2026-07-12,2003,4,0,NA,NA,NA
winsler_a,openalex,2026-07-12,2004,2,0,NA,NA,NA
winsler_a,openalex,2026-07-12,2005,1,0,NA,NA,NA
winsler_a,openalex,2026-07-12,2006,11,0,NA,NA,NA
winsler_a,openalex,2026-07-12,2007,5,0,NA,NA,NA
winsler_a,openalex,2026-07-12,2008,7,0,NA,NA,NA
winsler_a,openalex,2026-07-12,2009,5,0,NA,NA,NA
winsler_a,openalex,2026-07-12,2010,4,0,NA,NA,NA
winsler_a,openalex,2026-07-12,2011,5,0,NA,NA,NA
winsler_a,openalex,2026-07-12,2012,5,307,NA,NA,NA
winsler_a,openalex,2026-07-12,2013,7,340,NA,NA,NA
winsler_a,openalex,2026-07-12,2014,12,356,NA,NA,NA
winsler_a,openalex,2026-07-12,2015,4,385,NA,NA,NA
winsler_a,openalex,2026-07-12,2016,12,481,NA,NA,NA
winsler_a,openalex,2026-07-12,2017,2,421,NA,NA,NA
winsler_a,openalex,2026-07-12,2018,7,555,NA,NA,NA
winsler_a,openalex,2026-07-12,2019,11,562,NA,NA,NA
winsler_a,openalex,2026-07-12,2020,19,610,NA,NA,NA
winsler_a,openalex,2026-07-12,2021,5,706,NA,NA,NA
winsler_a,openalex,2026-07-12,2022,8,654,NA,NA,NA
winsler_a,openalex,2026-07-12,2023,10,703,NA,NA,NA
winsler_a,openalex,2026-07-12,2024,3,623,NA,NA,NA
winsler_a,openalex,2026-07-12,2025,5,583,NA,NA,NA
winsler_a,openalex,2026-07-12,2026,2,251,NA,NA,NA
winsler_a,openalex,2026-07-12,lifetime,185,8925,52,113,NA
zaccaro_s,openalex,2026-07-12,1982,1,0,NA,NA,NA
zaccaro_s,openalex,2026-07-12,1983,2,0,NA,NA,NA
zaccaro_s,openalex,2026-07-12,1984,1,0,NA,NA,NA
zaccaro_s,openalex,2026-07-12,1985,1,0,NA,NA,NA
zaccaro_s,openalex,2026-07-12,1986,3,0,NA,NA,NA
zaccaro_s,openalex,2026-07-12,1987,2,0,NA,NA,NA
zaccaro_s,openalex,2026-07-12,1988,5,0,NA,NA,NA
zaccaro_s,openalex,2026-07-12,1989,1,0,NA,NA,NA
zaccaro_s,openalex,2026-07-12,1990,2,0,NA,NA,NA
zaccaro_s,openalex,2026-07-12,1991,8,0,NA,NA,NA
zaccaro_s,openalex,2026-07-12,1992,3,0,NA,NA,NA
zaccaro_s,openalex,2026-07-12,1993,2,0,NA,NA,NA
zaccaro_s,openalex,2026-07-12,1995,3,0,NA,NA,NA
zaccaro_s,openalex,2026-07-12,1996,5,0,NA,NA,NA
zaccaro_s,openalex,2026-07-12,1997,1,0,NA,NA,NA
zaccaro_s,openalex,2026-07-12,1998,2,0,NA,NA,NA
zaccaro_s,openalex,2026-07-12,1999,2,0,NA,NA,NA
zaccaro_s,openalex,2026-07-12,2000,15,0,NA,NA,NA
zaccaro_s,openalex,2026-07-12,2001,10,0,NA,NA,NA
zaccaro_s,openalex,2026-07-12,2002,7,0,NA,NA,NA
zaccaro_s,openalex,2026-07-12,2003,2,0,NA,NA,NA
zaccaro_s,openalex,2026-07-12,2004,21,0,NA,NA,NA
zaccaro_s,openalex,2026-07-12,2005,2,0,NA,NA,NA
zaccaro_s,openalex,2026-07-12,2006,2,0,NA,NA,NA
zaccaro_s,openalex,2026-07-12,2007,5,0,NA,NA,NA
zaccaro_s,openalex,2026-07-12,2008,12,0,NA,NA,NA
zaccaro_s,openalex,2026-07-12,2009,7,0,NA,NA,NA
zaccaro_s,openalex,2026-07-12,2010,10,0,NA,NA,NA
zaccaro_s,openalex,2026-07-12,2011,3,0,NA,NA,NA
zaccaro_s,openalex,2026-07-12,2012,14,943,NA,NA,NA
zaccaro_s,openalex,2026-07-12,2013,2,866,NA,NA,NA
zaccaro_s,openalex,2026-07-12,2014,9,939,NA,NA,NA
zaccaro_s,openalex,2026-07-12,2015,6,1002,NA,NA,NA
zaccaro_s,openalex,2026-07-12,2016,2,978,NA,NA,NA
zaccaro_s,openalex,2026-07-12,2017,7,1008,NA,NA,NA
zaccaro_s,openalex,2026-07-12,2018,1,971,NA,NA,NA
zaccaro_s,openalex,2026-07-12,2019,5,923,NA,NA,NA
zaccaro_s,openalex,2026-07-12,2020,4,1130,NA,NA,NA
zaccaro_s,openalex,2026-07-12,2021,4,1044,NA,NA,NA
zaccaro_s,openalex,2026-07-12,2022,4,983,NA,NA,NA
zaccaro_s,openalex,2026-07-12,2023,9,967,NA,NA,NA
zaccaro_s,openalex,2026-07-12,2024,2,869,NA,NA,NA
zaccaro_s,openalex,2026-07-12,2025,2,704,NA,NA,NA
zaccaro_s,openalex,2026-07-12,2026,1,394,NA,NA,NA
zaccaro_s,openalex,2026-07-12,lifetime,212,18814,60,94,NA
mehlenbeck_r,openalex,2026-07-12,2000,1,0,NA,NA,NA
mehlenbeck_r,openalex,2026-07-12,2001,3,0,NA,NA,NA
mehlenbeck_r,openalex,2026-07-12,2002,1,0,NA,NA,NA
mehlenbeck_r,openalex,2026-07-12,2003,2,0,NA,NA,NA
mehlenbeck_r,openalex,2026-07-12,2004,1,0,NA,NA,NA
mehlenbeck_r,openalex,2026-07-12,2005,2,0,NA,NA,NA
mehlenbeck_r,openalex,2026-07-12,2008,3,0,NA,NA,NA
mehlenbeck_r,openalex,2026-07-12,2009,1,0,NA,NA,NA
mehlenbeck_r,openalex,2026-07-12,2010,4,0,NA,NA,NA
mehlenbeck_r,openalex,2026-07-12,2012,4,71,NA,NA,NA
mehlenbeck_r,openalex,2026-07-12,2013,1,74,NA,NA,NA
mehlenbeck_r,openalex,2026-07-12,2014,2,69,NA,NA,NA
mehlenbeck_r,openalex,2026-07-12,2015,2,73,NA,NA,NA
mehlenbeck_r,openalex,2026-07-12,2016,2,71,NA,NA,NA
mehlenbeck_r,openalex,2026-07-12,2018,2,78,NA,NA,NA
mehlenbeck_r,openalex,2026-07-12,2019,3,79,NA,NA,NA
mehlenbeck_r,openalex,2026-07-12,2020,5,69,NA,NA,NA
mehlenbeck_r,openalex,2026-07-12,2021,3,90,NA,NA,NA
mehlenbeck_r,openalex,2026-07-12,2022,2,84,NA,NA,NA
mehlenbeck_r,openalex,2026-07-12,2026,0,39,NA,NA,NA
mehlenbeck_r,openalex,2026-07-12,2025,0,60,NA,NA,NA
mehlenbeck_r,openalex,2026-07-12,2024,0,71,NA,NA,NA
mehlenbeck_r,openalex,2026-07-12,2023,0,92,NA,NA,NA
mehlenbeck_r,openalex,2026-07-12,2017,0,76,NA,NA,NA
mehlenbeck_r,openalex,2026-07-12,lifetime,44,1348,18,22,NA
shaw_t,openalex,2026-07-12,1980,1,0,NA,NA,NA
shaw_t,openalex,2026-07-12,1983,1,0,NA,NA,NA
shaw_t,openalex,2026-07-12,1993,1,0,NA,NA,NA
shaw_t,openalex,2026-07-12,2004,3,0,NA,NA,NA
shaw_t,openalex,2026-07-12,2005,3,0,NA,NA,NA
shaw_t,openalex,2026-07-12,2006,5,0,NA,NA,NA
shaw_t,openalex,2026-07-12,2008,5,0,NA,NA,NA
shaw_t,openalex,2026-07-12,2009,15,0,NA,NA,NA
shaw_t,openalex,2026-07-12,2010,13,0,NA,NA,NA
shaw_t,openalex,2026-07-12,2011,9,0,NA,NA,NA
shaw_t,openalex,2026-07-12,2012,8,73,NA,NA,NA
shaw_t,openalex,2026-07-12,2013,6,81,NA,NA,NA
shaw_t,openalex,2026-07-12,2014,8,124,NA,NA,NA
shaw_t,openalex,2026-07-12,2015,4,137,NA,NA,NA
shaw_t,openalex,2026-07-12,2016,1,76,NA,NA,NA
shaw_t,openalex,2026-07-12,2017,7,89,NA,NA,NA
shaw_t,openalex,2026-07-12,2018,8,145,NA,NA,NA
shaw_t,openalex,2026-07-12,2019,6,158,NA,NA,NA
shaw_t,openalex,2026-07-12,2020,3,241,NA,NA,NA
shaw_t,openalex,2026-07-12,2021,2,204,NA,NA,NA
shaw_t,openalex,2026-07-12,2022,7,261,NA,NA,NA
shaw_t,openalex,2026-07-12,2023,5,323,NA,NA,NA
shaw_t,openalex,2026-07-12,2024,3,356,NA,NA,NA
shaw_t,openalex,2026-07-12,2025,6,432,NA,NA,NA
shaw_t,openalex,2026-07-12,2026,1,213,NA,NA,NA
shaw_t,openalex,2026-07-12,lifetime,131,3178,26,49,NA
mcknight_p,scholar,2026-07-12,lifetime,NA,16616,52,80,NA
adams_l,scholar,2026-07-12,lifetime,NA,3165,25,36,NA
ahmad_a,scholar,2026-07-12,lifetime,NA,1474,15,16,NA
brielmaier_j,scholar,2026-07-12,lifetime,NA,959,10,10,NA
cattaneo_l,scholar,2026-07-12,lifetime,NA,6622,37,51,NA
chaplin_t,scholar,2026-07-12,lifetime,NA,9370,40,61,NA
curby_t,scholar,2026-07-12,lifetime,NA,9022,42,75,NA
dalal_r,scholar,2026-07-12,lifetime,NA,14871,43,72,NA
doebel_s,scholar,2026-07-12,lifetime,NA,2214,20,21,NA
esposito_smythers_c,scholar,2026-07-12,lifetime,NA,8695,45,93,NA
fischer_s,scholar,2026-07-12,lifetime,NA,10666,48,87,NA
flinn_j,scholar,2026-07-12,lifetime,NA,1703,21,28,NA
goldstein_t,scholar,2026-07-12,lifetime,NA,5611,33,57,NA
helton_w,scholar,2026-07-12,lifetime,NA,20113,51,140,NA
jack_a,scholar,2026-07-12,lifetime,NA,1356,13,13,NA
kaplan_s,scholar,2026-07-12,lifetime,NA,8774,37,62,NA
kashdan_t,scholar,2026-07-12,lifetime,NA,61598,123,247,NA
kornienko_o,scholar,2026-07-12,lifetime,NA,2731,28,37,NA
kuykendall_l,scholar,2026-07-12,lifetime,NA,3179,22,25,NA
lee_p,scholar,2026-07-12,lifetime,NA,1324,19,28,NA
lee_y,scholar,2026-07-12,lifetime,NA,2661,24,44,NA
liang_y,scholar,2026-07-12,lifetime,NA,360,7,6,NA
matthews_g,scholar,2026-07-12,lifetime,NA,59175,113,404,NA
tangney_j,scholar,2026-07-12,lifetime,NA,65453,82,142,NA
rupp_d,scholar,2026-07-12,lifetime,NA,37219,68,123,NA
zaccaro_s,scholar,2026-07-12,lifetime,NA,42634,74,135,NA
renshaw_k,scholar,2026-07-12,lifetime,NA,7085,46,93,NA
winsler_a,scholar,2026-07-12,lifetime,NA,19623,71,137,NA
wiener_m,scholar,2026-07-12,lifetime,NA,4517,31,46,NA
sheridan_k,scholar,2026-07-12,lifetime,NA,6954,19,26,NA
stagl_k,scholar,2026-07-12,lifetime,NA,6503,15,18,NA
peterson_m,scholar,2026-07-12,lifetime,NA,4801,31,53,NA
mcdonald_c,scholar,2026-07-12,lifetime,NA,2679,30,49,NA
mcquaid_g,scholar,2026-07-12,lifetime,NA,1178,19,23,NA
melley_a,scholar,2026-07-12,lifetime,NA,292,5,3,NA
roesler_e,scholar,2026-07-12,lifetime,NA,1732,19,24,NA
phillips_e,scholar,2026-07-12,lifetime,NA,3673,27,53,NA
sanchez_a,scholar,2026-07-12,lifetime,NA,2028,19,26,NA
short_j,scholar,2026-07-12,lifetime,NA,2976,18,23,NA
stuewig_j,scholar,2026-07-12,lifetime,NA,13899,43,54,NA
tonge_n,scholar,2026-07-12,lifetime,NA,1110,15,15,NA
mehlenbeck_r,scholar,2026-07-12,lifetime,NA,2329,20,27,NA
shaw_t,scholar,2026-07-12,lifetime,NA,4430,30,68,NA
thompson_j,scholar,2026-07-12,lifetime,NA,3850,34,57,NA
savage_n,scholar,2026-07-12,lifetime,NA,173,5,4,NA
mcknight_p,scholar,2026-07-12,2003,NA,47,NA,NA,NA
mcknight_p,scholar,2026-07-12,2004,NA,67,NA,NA,NA
mcknight_p,scholar,2026-07-12,2005,NA,97,NA,NA,NA
mcknight_p,scholar,2026-07-12,2006,NA,102,NA,NA,NA
mcknight_p,scholar,2026-07-12,2007,NA,130,NA,NA,NA
mcknight_p,scholar,2026-07-12,2008,NA,152,NA,NA,NA
mcknight_p,scholar,2026-07-12,2009,NA,192,NA,NA,NA
mcknight_p,scholar,2026-07-12,2010,NA,246,NA,NA,NA
mcknight_p,scholar,2026-07-12,2011,NA,274,NA,NA,NA
mcknight_p,scholar,2026-07-12,2012,NA,338,NA,NA,NA
mcknight_p,scholar,2026-07-12,2013,NA,435,NA,NA,NA
mcknight_p,scholar,2026-07-12,2014,NA,545,NA,NA,NA
mcknight_p,scholar,2026-07-12,2015,NA,667,NA,NA,NA
mcknight_p,scholar,2026-07-12,2016,NA,801,NA,NA,NA
mcknight_p,scholar,2026-07-12,2017,NA,852,NA,NA,NA
mcknight_p,scholar,2026-07-12,2018,NA,908,NA,NA,NA
mcknight_p,scholar,2026-07-12,2019,NA,1075,NA,NA,NA
mcknight_p,scholar,2026-07-12,2020,NA,1159,NA,NA,NA
mcknight_p,scholar,2026-07-12,2021,NA,1304,NA,NA,NA
mcknight_p,scholar,2026-07-12,2022,NA,1469,NA,NA,NA
mcknight_p,scholar,2026-07-12,2023,NA,1405,NA,NA,NA
mcknight_p,scholar,2026-07-12,2024,NA,1538,NA,NA,NA
mcknight_p,scholar,2026-07-12,2025,NA,1545,NA,NA,NA
mcknight_p,scholar,2026-07-12,2026,NA,793,NA,NA,NA
adams_l,scholar,2026-07-12,2012,NA,9,NA,NA,NA
adams_l,scholar,2026-07-12,2013,NA,24,NA,NA,NA
adams_l,scholar,2026-07-12,2014,NA,67,NA,NA,NA
adams_l,scholar,2026-07-12,2015,NA,109,NA,NA,NA
adams_l,scholar,2026-07-12,2016,NA,114,NA,NA,NA
adams_l,scholar,2026-07-12,2017,NA,163,NA,NA,NA
adams_l,scholar,2026-07-12,2018,NA,230,NA,NA,NA
adams_l,scholar,2026-07-12,2019,NA,232,NA,NA,NA
adams_l,scholar,2026-07-12,2020,NA,302,NA,NA,NA
adams_l,scholar,2026-07-12,2021,NA,323,NA,NA,NA
adams_l,scholar,2026-07-12,2022,NA,343,NA,NA,NA
adams_l,scholar,2026-07-12,2023,NA,360,NA,NA,NA
adams_l,scholar,2026-07-12,2024,NA,309,NA,NA,NA
adams_l,scholar,2026-07-12,2025,NA,351,NA,NA,NA
adams_l,scholar,2026-07-12,2026,NA,179,NA,NA,NA
ahmad_a,scholar,2026-07-12,2011,NA,4,NA,NA,NA
ahmad_a,scholar,2026-07-12,2012,NA,8,NA,NA,NA
ahmad_a,scholar,2026-07-12,2013,NA,22,NA,NA,NA
ahmad_a,scholar,2026-07-12,2014,NA,21,NA,NA,NA
ahmad_a,scholar,2026-07-12,2015,NA,51,NA,NA,NA
ahmad_a,scholar,2026-07-12,2016,NA,43,NA,NA,NA
ahmad_a,scholar,2026-07-12,2017,NA,79,NA,NA,NA
ahmad_a,scholar,2026-07-12,2018,NA,76,NA,NA,NA
ahmad_a,scholar,2026-07-12,2019,NA,129,NA,NA,NA
ahmad_a,scholar,2026-07-12,2020,NA,147,NA,NA,NA
ahmad_a,scholar,2026-07-12,2021,NA,147,NA,NA,NA
ahmad_a,scholar,2026-07-12,2022,NA,165,NA,NA,NA
ahmad_a,scholar,2026-07-12,2023,NA,176,NA,NA,NA
ahmad_a,scholar,2026-07-12,2024,NA,179,NA,NA,NA
ahmad_a,scholar,2026-07-12,2025,NA,139,NA,NA,NA
ahmad_a,scholar,2026-07-12,2026,NA,60,NA,NA,NA
brielmaier_j,scholar,2026-07-12,2007,NA,10,NA,NA,NA
brielmaier_j,scholar,2026-07-12,2008,NA,17,NA,NA,NA
brielmaier_j,scholar,2026-07-12,2009,NA,21,NA,NA,NA
brielmaier_j,scholar,2026-07-12,2010,NA,25,NA,NA,NA
brielmaier_j,scholar,2026-07-12,2011,NA,17,NA,NA,NA
brielmaier_j,scholar,2026-07-12,2012,NA,45,NA,NA,NA
brielmaier_j,scholar,2026-07-12,2013,NA,60,NA,NA,NA
brielmaier_j,scholar,2026-07-12,2014,NA,65,NA,NA,NA
brielmaier_j,scholar,2026-07-12,2015,NA,87,NA,NA,NA
brielmaier_j,scholar,2026-07-12,2016,NA,79,NA,NA,NA
brielmaier_j,scholar,2026-07-12,2017,NA,58,NA,NA,NA
brielmaier_j,scholar,2026-07-12,2018,NA,44,NA,NA,NA
brielmaier_j,scholar,2026-07-12,2019,NA,64,NA,NA,NA
brielmaier_j,scholar,2026-07-12,2020,NA,66,NA,NA,NA
brielmaier_j,scholar,2026-07-12,2021,NA,60,NA,NA,NA
brielmaier_j,scholar,2026-07-12,2022,NA,52,NA,NA,NA
brielmaier_j,scholar,2026-07-12,2023,NA,67,NA,NA,NA
brielmaier_j,scholar,2026-07-12,2024,NA,52,NA,NA,NA
brielmaier_j,scholar,2026-07-12,2025,NA,40,NA,NA,NA
brielmaier_j,scholar,2026-07-12,2026,NA,15,NA,NA,NA
cattaneo_l,scholar,2026-07-12,2000,NA,30,NA,NA,NA
cattaneo_l,scholar,2026-07-12,2001,NA,23,NA,NA,NA
cattaneo_l,scholar,2026-07-12,2002,NA,31,NA,NA,NA
cattaneo_l,scholar,2026-07-12,2003,NA,49,NA,NA,NA
cattaneo_l,scholar,2026-07-12,2004,NA,69,NA,NA,NA
cattaneo_l,scholar,2026-07-12,2005,NA,77,NA,NA,NA
cattaneo_l,scholar,2026-07-12,2006,NA,65,NA,NA,NA
cattaneo_l,scholar,2026-07-12,2007,NA,84,NA,NA,NA
cattaneo_l,scholar,2026-07-12,2008,NA,88,NA,NA,NA
cattaneo_l,scholar,2026-07-12,2009,NA,104,NA,NA,NA
cattaneo_l,scholar,2026-07-12,2010,NA,91,NA,NA,NA
cattaneo_l,scholar,2026-07-12,2011,NA,187,NA,NA,NA
cattaneo_l,scholar,2026-07-12,2012,NA,164,NA,NA,NA
cattaneo_l,scholar,2026-07-12,2013,NA,193,NA,NA,NA
cattaneo_l,scholar,2026-07-12,2014,NA,228,NA,NA,NA
cattaneo_l,scholar,2026-07-12,2015,NA,286,NA,NA,NA
cattaneo_l,scholar,2026-07-12,2016,NA,272,NA,NA,NA
cattaneo_l,scholar,2026-07-12,2017,NA,309,NA,NA,NA
cattaneo_l,scholar,2026-07-12,2018,NA,342,NA,NA,NA
cattaneo_l,scholar,2026-07-12,2019,NA,394,NA,NA,NA
cattaneo_l,scholar,2026-07-12,2020,NA,425,NA,NA,NA
cattaneo_l,scholar,2026-07-12,2021,NA,558,NA,NA,NA
cattaneo_l,scholar,2026-07-12,2022,NA,535,NA,NA,NA
cattaneo_l,scholar,2026-07-12,2023,NA,530,NA,NA,NA
cattaneo_l,scholar,2026-07-12,2024,NA,526,NA,NA,NA
cattaneo_l,scholar,2026-07-12,2025,NA,541,NA,NA,NA
cattaneo_l,scholar,2026-07-12,2026,NA,286,NA,NA,NA
chaplin_t,scholar,2026-07-12,2006,NA,24,NA,NA,NA
chaplin_t,scholar,2026-07-12,2007,NA,49,NA,NA,NA
chaplin_t,scholar,2026-07-12,2008,NA,77,NA,NA,NA
chaplin_t,scholar,2026-07-12,2009,NA,103,NA,NA,NA
chaplin_t,scholar,2026-07-12,2010,NA,130,NA,NA,NA
chaplin_t,scholar,2026-07-12,2011,NA,167,NA,NA,NA
chaplin_t,scholar,2026-07-12,2012,NA,190,NA,NA,NA
chaplin_t,scholar,2026-07-12,2013,NA,229,NA,NA,NA
chaplin_t,scholar,2026-07-12,2014,NA,312,NA,NA,NA
chaplin_t,scholar,2026-07-12,2015,NA,336,NA,NA,NA
chaplin_t,scholar,2026-07-12,2016,NA,450,NA,NA,NA
chaplin_t,scholar,2026-07-12,2017,NA,471,NA,NA,NA
chaplin_t,scholar,2026-07-12,2018,NA,546,NA,NA,NA
chaplin_t,scholar,2026-07-12,2019,NA,570,NA,NA,NA
chaplin_t,scholar,2026-07-12,2020,NA,624,NA,NA,NA
chaplin_t,scholar,2026-07-12,2021,NA,754,NA,NA,NA
chaplin_t,scholar,2026-07-12,2022,NA,748,NA,NA,NA
chaplin_t,scholar,2026-07-12,2023,NA,866,NA,NA,NA
chaplin_t,scholar,2026-07-12,2024,NA,883,NA,NA,NA
chaplin_t,scholar,2026-07-12,2025,NA,1091,NA,NA,NA
chaplin_t,scholar,2026-07-12,2026,NA,602,NA,NA,NA
curby_t,scholar,2026-07-12,2010,NA,40,NA,NA,NA
curby_t,scholar,2026-07-12,2011,NA,82,NA,NA,NA
curby_t,scholar,2026-07-12,2012,NA,143,NA,NA,NA
curby_t,scholar,2026-07-12,2013,NA,211,NA,NA,NA
curby_t,scholar,2026-07-12,2014,NA,250,NA,NA,NA
curby_t,scholar,2026-07-12,2015,NA,355,NA,NA,NA
curby_t,scholar,2026-07-12,2016,NA,481,NA,NA,NA
curby_t,scholar,2026-07-12,2017,NA,499,NA,NA,NA
curby_t,scholar,2026-07-12,2018,NA,611,NA,NA,NA
curby_t,scholar,2026-07-12,2019,NA,728,NA,NA,NA
curby_t,scholar,2026-07-12,2020,NA,819,NA,NA,NA
curby_t,scholar,2026-07-12,2021,NA,781,NA,NA,NA
curby_t,scholar,2026-07-12,2022,NA,847,NA,NA,NA
curby_t,scholar,2026-07-12,2023,NA,902,NA,NA,NA
curby_t,scholar,2026-07-12,2024,NA,868,NA,NA,NA
curby_t,scholar,2026-07-12,2025,NA,874,NA,NA,NA
curby_t,scholar,2026-07-12,2026,NA,409,NA,NA,NA
dalal_r,scholar,2026-07-12,2004,NA,58,NA,NA,NA
dalal_r,scholar,2026-07-12,2005,NA,54,NA,NA,NA
dalal_r,scholar,2026-07-12,2006,NA,94,NA,NA,NA
dalal_r,scholar,2026-07-12,2007,NA,120,NA,NA,NA
dalal_r,scholar,2026-07-12,2008,NA,168,NA,NA,NA
dalal_r,scholar,2026-07-12,2009,NA,197,NA,NA,NA
dalal_r,scholar,2026-07-12,2010,NA,308,NA,NA,NA
dalal_r,scholar,2026-07-12,2011,NA,309,NA,NA,NA
dalal_r,scholar,2026-07-12,2012,NA,489,NA,NA,NA
dalal_r,scholar,2026-07-12,2013,NA,521,NA,NA,NA
dalal_r,scholar,2026-07-12,2014,NA,604,NA,NA,NA
dalal_r,scholar,2026-07-12,2015,NA,691,NA,NA,NA
dalal_r,scholar,2026-07-12,2016,NA,734,NA,NA,NA
dalal_r,scholar,2026-07-12,2017,NA,846,NA,NA,NA
dalal_r,scholar,2026-07-12,2018,NA,874,NA,NA,NA
dalal_r,scholar,2026-07-12,2019,NA,924,NA,NA,NA
dalal_r,scholar,2026-07-12,2020,NA,1081,NA,NA,NA
dalal_r,scholar,2026-07-12,2021,NA,1159,NA,NA,NA
dalal_r,scholar,2026-07-12,2022,NA,1124,NA,NA,NA
dalal_r,scholar,2026-07-12,2023,NA,1105,NA,NA,NA
dalal_r,scholar,2026-07-12,2024,NA,1195,NA,NA,NA
dalal_r,scholar,2026-07-12,2025,NA,1207,NA,NA,NA
dalal_r,scholar,2026-07-12,2026,NA,678,NA,NA,NA
doebel_s,scholar,2026-07-12,2011,NA,7,NA,NA,NA
doebel_s,scholar,2026-07-12,2012,NA,14,NA,NA,NA
doebel_s,scholar,2026-07-12,2013,NA,14,NA,NA,NA
doebel_s,scholar,2026-07-12,2014,NA,23,NA,NA,NA
doebel_s,scholar,2026-07-12,2015,NA,25,NA,NA,NA
doebel_s,scholar,2026-07-12,2016,NA,24,NA,NA,NA
doebel_s,scholar,2026-07-12,2017,NA,44,NA,NA,NA
doebel_s,scholar,2026-07-12,2018,NA,68,NA,NA,NA
doebel_s,scholar,2026-07-12,2019,NA,61,NA,NA,NA
doebel_s,scholar,2026-07-12,2020,NA,101,NA,NA,NA
doebel_s,scholar,2026-07-12,2021,NA,127,NA,NA,NA
doebel_s,scholar,2026-07-12,2022,NA,223,NA,NA,NA
doebel_s,scholar,2026-07-12,2023,NA,291,NA,NA,NA
doebel_s,scholar,2026-07-12,2024,NA,400,NA,NA,NA
doebel_s,scholar,2026-07-12,2025,NA,463,NA,NA,NA
doebel_s,scholar,2026-07-12,2026,NA,287,NA,NA,NA
esposito_smythers_c,scholar,2026-07-12,2005,NA,46,NA,NA,NA
esposito_smythers_c,scholar,2026-07-12,2006,NA,88,NA,NA,NA
esposito_smythers_c,scholar,2026-07-12,2007,NA,90,NA,NA,NA
esposito_smythers_c,scholar,2026-07-12,2008,NA,137,NA,NA,NA
esposito_smythers_c,scholar,2026-07-12,2009,NA,176,NA,NA,NA
esposito_smythers_c,scholar,2026-07-12,2010,NA,213,NA,NA,NA
esposito_smythers_c,scholar,2026-07-12,2011,NA,274,NA,NA,NA
esposito_smythers_c,scholar,2026-07-12,2012,NA,348,NA,NA,NA
esposito_smythers_c,scholar,2026-07-12,2013,NA,394,NA,NA,NA
esposito_smythers_c,scholar,2026-07-12,2014,NA,483,NA,NA,NA
esposito_smythers_c,scholar,2026-07-12,2015,NA,479,NA,NA,NA
esposito_smythers_c,scholar,2026-07-12,2016,NA,452,NA,NA,NA
esposito_smythers_c,scholar,2026-07-12,2017,NA,421,NA,NA,NA
esposito_smythers_c,scholar,2026-07-12,2018,NA,511,NA,NA,NA
esposito_smythers_c,scholar,2026-07-12,2019,NA,536,NA,NA,NA
esposito_smythers_c,scholar,2026-07-12,2020,NA,569,NA,NA,NA
esposito_smythers_c,scholar,2026-07-12,2021,NA,566,NA,NA,NA
esposito_smythers_c,scholar,2026-07-12,2022,NA,630,NA,NA,NA
esposito_smythers_c,scholar,2026-07-12,2023,NA,641,NA,NA,NA
esposito_smythers_c,scholar,2026-07-12,2024,NA,586,NA,NA,NA
esposito_smythers_c,scholar,2026-07-12,2025,NA,596,NA,NA,NA
esposito_smythers_c,scholar,2026-07-12,2026,NA,292,NA,NA,NA
fischer_s,scholar,2026-07-12,2005,NA,46,NA,NA,NA
fischer_s,scholar,2026-07-12,2006,NA,53,NA,NA,NA
fischer_s,scholar,2026-07-12,2007,NA,107,NA,NA,NA
fischer_s,scholar,2026-07-12,2008,NA,165,NA,NA,NA
fischer_s,scholar,2026-07-12,2009,NA,244,NA,NA,NA
fischer_s,scholar,2026-07-12,2010,NA,300,NA,NA,NA
fischer_s,scholar,2026-07-12,2011,NA,315,NA,NA,NA
fischer_s,scholar,2026-07-12,2012,NA,421,NA,NA,NA
fischer_s,scholar,2026-07-12,2013,NA,540,NA,NA,NA
fischer_s,scholar,2026-07-12,2014,NA,544,NA,NA,NA
fischer_s,scholar,2026-07-12,2015,NA,647,NA,NA,NA
fischer_s,scholar,2026-07-12,2016,NA,636,NA,NA,NA
fischer_s,scholar,2026-07-12,2017,NA,655,NA,NA,NA
fischer_s,scholar,2026-07-12,2018,NA,703,NA,NA,NA
fischer_s,scholar,2026-07-12,2019,NA,709,NA,NA,NA
fischer_s,scholar,2026-07-12,2020,NA,696,NA,NA,NA
fischer_s,scholar,2026-07-12,2021,NA,701,NA,NA,NA
fischer_s,scholar,2026-07-12,2022,NA,654,NA,NA,NA
fischer_s,scholar,2026-07-12,2023,NA,687,NA,NA,NA
fischer_s,scholar,2026-07-12,2024,NA,674,NA,NA,NA
fischer_s,scholar,2026-07-12,2025,NA,696,NA,NA,NA
fischer_s,scholar,2026-07-12,2026,NA,318,NA,NA,NA
flinn_j,scholar,2026-07-12,2005,NA,7,NA,NA,NA
flinn_j,scholar,2026-07-12,2006,NA,12,NA,NA,NA
flinn_j,scholar,2026-07-12,2007,NA,16,NA,NA,NA
flinn_j,scholar,2026-07-12,2008,NA,36,NA,NA,NA
flinn_j,scholar,2026-07-12,2009,NA,45,NA,NA,NA
flinn_j,scholar,2026-07-12,2010,NA,57,NA,NA,NA
flinn_j,scholar,2026-07-12,2011,NA,75,NA,NA,NA
flinn_j,scholar,2026-07-12,2012,NA,75,NA,NA,NA
flinn_j,scholar,2026-07-12,2013,NA,62,NA,NA,NA
flinn_j,scholar,2026-07-12,2014,NA,89,NA,NA,NA
flinn_j,scholar,2026-07-12,2015,NA,64,NA,NA,NA
flinn_j,scholar,2026-07-12,2016,NA,72,NA,NA,NA
flinn_j,scholar,2026-07-12,2017,NA,89,NA,NA,NA
flinn_j,scholar,2026-07-12,2018,NA,104,NA,NA,NA
flinn_j,scholar,2026-07-12,2019,NA,100,NA,NA,NA
flinn_j,scholar,2026-07-12,2020,NA,114,NA,NA,NA
flinn_j,scholar,2026-07-12,2021,NA,113,NA,NA,NA
flinn_j,scholar,2026-07-12,2022,NA,118,NA,NA,NA
flinn_j,scholar,2026-07-12,2023,NA,114,NA,NA,NA
flinn_j,scholar,2026-07-12,2024,NA,113,NA,NA,NA
flinn_j,scholar,2026-07-12,2025,NA,88,NA,NA,NA
flinn_j,scholar,2026-07-12,2026,NA,50,NA,NA,NA
goldstein_t,scholar,2026-07-12,2011,NA,45,NA,NA,NA
goldstein_t,scholar,2026-07-12,2012,NA,41,NA,NA,NA
goldstein_t,scholar,2026-07-12,2013,NA,92,NA,NA,NA
goldstein_t,scholar,2026-07-12,2014,NA,152,NA,NA,NA
goldstein_t,scholar,2026-07-12,2015,NA,200,NA,NA,NA
goldstein_t,scholar,2026-07-12,2016,NA,199,NA,NA,NA
goldstein_t,scholar,2026-07-12,2017,NA,404,NA,NA,NA
goldstein_t,scholar,2026-07-12,2018,NA,294,NA,NA,NA
goldstein_t,scholar,2026-07-12,2019,NA,346,NA,NA,NA
goldstein_t,scholar,2026-07-12,2020,NA,448,NA,NA,NA
goldstein_t,scholar,2026-07-12,2021,NA,440,NA,NA,NA
goldstein_t,scholar,2026-07-12,2022,NA,572,NA,NA,NA
goldstein_t,scholar,2026-07-12,2023,NA,514,NA,NA,NA
goldstein_t,scholar,2026-07-12,2024,NA,577,NA,NA,NA
goldstein_t,scholar,2026-07-12,2025,NA,750,NA,NA,NA
goldstein_t,scholar,2026-07-12,2026,NA,401,NA,NA,NA
helton_w,scholar,2026-07-12,1988,NA,55,NA,NA,NA
helton_w,scholar,2026-07-12,1989,NA,97,NA,NA,NA
helton_w,scholar,2026-07-12,1990,NA,75,NA,NA,NA
helton_w,scholar,2026-07-12,1991,NA,86,NA,NA,NA
helton_w,scholar,2026-07-12,1992,NA,99,NA,NA,NA
helton_w,scholar,2026-07-12,1993,NA,101,NA,NA,NA
helton_w,scholar,2026-07-12,1994,NA,136,NA,NA,NA
helton_w,scholar,2026-07-12,1995,NA,145,NA,NA,NA
helton_w,scholar,2026-07-12,1996,NA,152,NA,NA,NA
helton_w,scholar,2026-07-12,1997,NA,204,NA,NA,NA
helton_w,scholar,2026-07-12,1998,NA,185,NA,NA,NA
helton_w,scholar,2026-07-12,1999,NA,207,NA,NA,NA
helton_w,scholar,2026-07-12,2000,NA,235,NA,NA,NA
helton_w,scholar,2026-07-12,2001,NA,262,NA,NA,NA
helton_w,scholar,2026-07-12,2002,NA,332,NA,NA,NA
helton_w,scholar,2026-07-12,2003,NA,355,NA,NA,NA
helton_w,scholar,2026-07-12,2004,NA,386,NA,NA,NA
helton_w,scholar,2026-07-12,2005,NA,419,NA,NA,NA
helton_w,scholar,2026-07-12,2006,NA,449,NA,NA,NA
helton_w,scholar,2026-07-12,2007,NA,435,NA,NA,NA
helton_w,scholar,2026-07-12,2008,NA,450,NA,NA,NA
helton_w,scholar,2026-07-12,2009,NA,518,NA,NA,NA
helton_w,scholar,2026-07-12,2010,NA,488,NA,NA,NA
helton_w,scholar,2026-07-12,2011,NA,576,NA,NA,NA
helton_w,scholar,2026-07-12,2012,NA,603,NA,NA,NA
helton_w,scholar,2026-07-12,2013,NA,794,NA,NA,NA
helton_w,scholar,2026-07-12,2014,NA,825,NA,NA,NA
helton_w,scholar,2026-07-12,2015,NA,899,NA,NA,NA
helton_w,scholar,2026-07-12,2016,NA,884,NA,NA,NA
helton_w,scholar,2026-07-12,2017,NA,983,NA,NA,NA
helton_w,scholar,2026-07-12,2018,NA,959,NA,NA,NA
helton_w,scholar,2026-07-12,2019,NA,1010,NA,NA,NA
helton_w,scholar,2026-07-12,2020,NA,930,NA,NA,NA
helton_w,scholar,2026-07-12,2021,NA,873,NA,NA,NA
helton_w,scholar,2026-07-12,2022,NA,904,NA,NA,NA
helton_w,scholar,2026-07-12,2023,NA,1008,NA,NA,NA
helton_w,scholar,2026-07-12,2024,NA,981,NA,NA,NA
helton_w,scholar,2026-07-12,2025,NA,1053,NA,NA,NA
helton_w,scholar,2026-07-12,2026,NA,543,NA,NA,NA
jack_a,scholar,2026-07-12,2011,NA,9,NA,NA,NA
jack_a,scholar,2026-07-12,2012,NA,13,NA,NA,NA
jack_a,scholar,2026-07-12,2013,NA,22,NA,NA,NA
jack_a,scholar,2026-07-12,2014,NA,71,NA,NA,NA
jack_a,scholar,2026-07-12,2015,NA,94,NA,NA,NA
jack_a,scholar,2026-07-12,2016,NA,86,NA,NA,NA
jack_a,scholar,2026-07-12,2017,NA,100,NA,NA,NA
jack_a,scholar,2026-07-12,2018,NA,137,NA,NA,NA
jack_a,scholar,2026-07-12,2019,NA,124,NA,NA,NA
jack_a,scholar,2026-07-12,2020,NA,124,NA,NA,NA
jack_a,scholar,2026-07-12,2021,NA,136,NA,NA,NA
jack_a,scholar,2026-07-12,2022,NA,121,NA,NA,NA
jack_a,scholar,2026-07-12,2023,NA,83,NA,NA,NA
jack_a,scholar,2026-07-12,2024,NA,72,NA,NA,NA
jack_a,scholar,2026-07-12,2025,NA,86,NA,NA,NA
jack_a,scholar,2026-07-12,2026,NA,47,NA,NA,NA
kaplan_s,scholar,2026-07-12,2005,NA,27,NA,NA,NA
kaplan_s,scholar,2026-07-12,2006,NA,54,NA,NA,NA
kaplan_s,scholar,2026-07-12,2007,NA,49,NA,NA,NA
kaplan_s,scholar,2026-07-12,2008,NA,107,NA,NA,NA
kaplan_s,scholar,2026-07-12,2009,NA,95,NA,NA,NA
kaplan_s,scholar,2026-07-12,2010,NA,150,NA,NA,NA
kaplan_s,scholar,2026-07-12,2011,NA,238,NA,NA,NA
kaplan_s,scholar,2026-07-12,2012,NA,276,NA,NA,NA
kaplan_s,scholar,2026-07-12,2013,NA,274,NA,NA,NA
kaplan_s,scholar,2026-07-12,2014,NA,312,NA,NA,NA
kaplan_s,scholar,2026-07-12,2015,NA,320,NA,NA,NA
kaplan_s,scholar,2026-07-12,2016,NA,394,NA,NA,NA
kaplan_s,scholar,2026-07-12,2017,NA,415,NA,NA,NA
kaplan_s,scholar,2026-07-12,2018,NA,517,NA,NA,NA
kaplan_s,scholar,2026-07-12,2019,NA,518,NA,NA,NA
kaplan_s,scholar,2026-07-12,2020,NA,631,NA,NA,NA
kaplan_s,scholar,2026-07-12,2021,NA,772,NA,NA,NA
kaplan_s,scholar,2026-07-12,2022,NA,847,NA,NA,NA
kaplan_s,scholar,2026-07-12,2023,NA,813,NA,NA,NA
kaplan_s,scholar,2026-07-12,2024,NA,725,NA,NA,NA
kaplan_s,scholar,2026-07-12,2025,NA,743,NA,NA,NA
kaplan_s,scholar,2026-07-12,2026,NA,359,NA,NA,NA
kashdan_t,scholar,2026-07-12,2006,NA,210,NA,NA,NA
kashdan_t,scholar,2026-07-12,2007,NA,298,NA,NA,NA
kashdan_t,scholar,2026-07-12,2008,NA,407,NA,NA,NA
kashdan_t,scholar,2026-07-12,2009,NA,642,NA,NA,NA
kashdan_t,scholar,2026-07-12,2010,NA,842,NA,NA,NA
kashdan_t,scholar,2026-07-12,2011,NA,1193,NA,NA,NA
kashdan_t,scholar,2026-07-12,2012,NA,1455,NA,NA,NA
kashdan_t,scholar,2026-07-12,2013,NA,1970,NA,NA,NA
kashdan_t,scholar,2026-07-12,2014,NA,2361,NA,NA,NA
kashdan_t,scholar,2026-07-12,2015,NA,2766,NA,NA,NA
kashdan_t,scholar,2026-07-12,2016,NA,3058,NA,NA,NA
kashdan_t,scholar,2026-07-12,2017,NA,3333,NA,NA,NA
kashdan_t,scholar,2026-07-12,2018,NA,3509,NA,NA,NA
kashdan_t,scholar,2026-07-12,2019,NA,3994,NA,NA,NA
kashdan_t,scholar,2026-07-12,2020,NA,4707,NA,NA,NA
kashdan_t,scholar,2026-07-12,2021,NA,5104,NA,NA,NA
kashdan_t,scholar,2026-07-12,2022,NA,5254,NA,NA,NA
kashdan_t,scholar,2026-07-12,2023,NA,5199,NA,NA,NA
kashdan_t,scholar,2026-07-12,2024,NA,5436,NA,NA,NA
kashdan_t,scholar,2026-07-12,2025,NA,5552,NA,NA,NA
kashdan_t,scholar,2026-07-12,2026,NA,2800,NA,NA,NA
kornienko_o,scholar,2026-07-12,2011,NA,9,NA,NA,NA
kornienko_o,scholar,2026-07-12,2012,NA,19,NA,NA,NA
kornienko_o,scholar,2026-07-12,2013,NA,33,NA,NA,NA
kornienko_o,scholar,2026-07-12,2014,NA,56,NA,NA,NA
kornienko_o,scholar,2026-07-12,2015,NA,70,NA,NA,NA
kornienko_o,scholar,2026-07-12,2016,NA,91,NA,NA,NA
kornienko_o,scholar,2026-07-12,2017,NA,97,NA,NA,NA
kornienko_o,scholar,2026-07-12,2018,NA,136,NA,NA,NA
kornienko_o,scholar,2026-07-12,2019,NA,181,NA,NA,NA
kornienko_o,scholar,2026-07-12,2020,NA,245,NA,NA,NA
kornienko_o,scholar,2026-07-12,2021,NA,268,NA,NA,NA
kornienko_o,scholar,2026-07-12,2022,NA,270,NA,NA,NA
kornienko_o,scholar,2026-07-12,2023,NA,336,NA,NA,NA
kornienko_o,scholar,2026-07-12,2024,NA,319,NA,NA,NA
kornienko_o,scholar,2026-07-12,2025,NA,356,NA,NA,NA
kornienko_o,scholar,2026-07-12,2026,NA,208,NA,NA,NA
kuykendall_l,scholar,2026-07-12,2014,NA,12,NA,NA,NA
kuykendall_l,scholar,2026-07-12,2015,NA,20,NA,NA,NA
kuykendall_l,scholar,2026-07-12,2016,NA,48,NA,NA,NA
kuykendall_l,scholar,2026-07-12,2017,NA,78,NA,NA,NA
kuykendall_l,scholar,2026-07-12,2018,NA,150,NA,NA,NA
kuykendall_l,scholar,2026-07-12,2019,NA,186,NA,NA,NA
kuykendall_l,scholar,2026-07-12,2020,NA,273,NA,NA,NA
kuykendall_l,scholar,2026-07-12,2021,NA,355,NA,NA,NA
kuykendall_l,scholar,2026-07-12,2022,NA,444,NA,NA,NA
kuykendall_l,scholar,2026-07-12,2023,NA,424,NA,NA,NA
kuykendall_l,scholar,2026-07-12,2024,NA,408,NA,NA,NA
kuykendall_l,scholar,2026-07-12,2025,NA,496,NA,NA,NA
kuykendall_l,scholar,2026-07-12,2026,NA,243,NA,NA,NA
lee_p,scholar,2026-07-12,2017,NA,7,NA,NA,NA
lee_p,scholar,2026-07-12,2018,NA,9,NA,NA,NA
lee_p,scholar,2026-07-12,2019,NA,35,NA,NA,NA
lee_p,scholar,2026-07-12,2020,NA,47,NA,NA,NA
lee_p,scholar,2026-07-12,2021,NA,113,NA,NA,NA
lee_p,scholar,2026-07-12,2022,NA,135,NA,NA,NA
lee_p,scholar,2026-07-12,2023,NA,205,NA,NA,NA
lee_p,scholar,2026-07-12,2024,NA,269,NA,NA,NA
lee_p,scholar,2026-07-12,2025,NA,299,NA,NA,NA
lee_p,scholar,2026-07-12,2026,NA,190,NA,NA,NA
lee_y,scholar,2026-07-12,2007,NA,7,NA,NA,NA
lee_y,scholar,2026-07-12,2008,NA,10,NA,NA,NA
lee_y,scholar,2026-07-12,2009,NA,17,NA,NA,NA
lee_y,scholar,2026-07-12,2010,NA,13,NA,NA,NA
lee_y,scholar,2026-07-12,2011,NA,27,NA,NA,NA
lee_y,scholar,2026-07-12,2012,NA,34,NA,NA,NA
lee_y,scholar,2026-07-12,2013,NA,37,NA,NA,NA
lee_y,scholar,2026-07-12,2014,NA,73,NA,NA,NA
lee_y,scholar,2026-07-12,2015,NA,72,NA,NA,NA
lee_y,scholar,2026-07-12,2016,NA,94,NA,NA,NA
lee_y,scholar,2026-07-12,2017,NA,96,NA,NA,NA
lee_y,scholar,2026-07-12,2018,NA,127,NA,NA,NA
lee_y,scholar,2026-07-12,2019,NA,113,NA,NA,NA
lee_y,scholar,2026-07-12,2020,NA,159,NA,NA,NA
lee_y,scholar,2026-07-12,2021,NA,196,NA,NA,NA
lee_y,scholar,2026-07-12,2022,NA,220,NA,NA,NA
lee_y,scholar,2026-07-12,2023,NA,316,NA,NA,NA
lee_y,scholar,2026-07-12,2024,NA,344,NA,NA,NA
lee_y,scholar,2026-07-12,2025,NA,407,NA,NA,NA
lee_y,scholar,2026-07-12,2026,NA,256,NA,NA,NA
liang_y,scholar,2026-07-12,2020,NA,1,NA,NA,NA
liang_y,scholar,2026-07-12,2021,NA,6,NA,NA,NA
liang_y,scholar,2026-07-12,2022,NA,21,NA,NA,NA
liang_y,scholar,2026-07-12,2023,NA,47,NA,NA,NA
liang_y,scholar,2026-07-12,2024,NA,75,NA,NA,NA
liang_y,scholar,2026-07-12,2025,NA,121,NA,NA,NA
liang_y,scholar,2026-07-12,2026,NA,88,NA,NA,NA
matthews_g,scholar,2026-07-12,1997,NA,213,NA,NA,NA
matthews_g,scholar,2026-07-12,1998,NA,235,NA,NA,NA
matthews_g,scholar,2026-07-12,1999,NA,277,NA,NA,NA
matthews_g,scholar,2026-07-12,2000,NA,337,NA,NA,NA
matthews_g,scholar,2026-07-12,2001,NA,339,NA,NA,NA
matthews_g,scholar,2026-07-12,2002,NA,596,NA,NA,NA
matthews_g,scholar,2026-07-12,2003,NA,588,NA,NA,NA
matthews_g,scholar,2026-07-12,2004,NA,985,NA,NA,NA
matthews_g,scholar,2026-07-12,2005,NA,973,NA,NA,NA
matthews_g,scholar,2026-07-12,2006,NA,1178,NA,NA,NA
matthews_g,scholar,2026-07-12,2007,NA,1255,NA,NA,NA
matthews_g,scholar,2026-07-12,2008,NA,1473,NA,NA,NA
matthews_g,scholar,2026-07-12,2009,NA,1613,NA,NA,NA
matthews_g,scholar,2026-07-12,2010,NA,1709,NA,NA,NA
matthews_g,scholar,2026-07-12,2011,NA,2045,NA,NA,NA
matthews_g,scholar,2026-07-12,2012,NA,2064,NA,NA,NA
matthews_g,scholar,2026-07-12,2013,NA,2520,NA,NA,NA
matthews_g,scholar,2026-07-12,2014,NA,2563,NA,NA,NA
matthews_g,scholar,2026-07-12,2015,NA,2782,NA,NA,NA
matthews_g,scholar,2026-07-12,2016,NA,2833,NA,NA,NA
matthews_g,scholar,2026-07-12,2017,NA,3157,NA,NA,NA
matthews_g,scholar,2026-07-12,2018,NA,3129,NA,NA,NA
matthews_g,scholar,2026-07-12,2019,NA,3429,NA,NA,NA
matthews_g,scholar,2026-07-12,2020,NA,3272,NA,NA,NA
matthews_g,scholar,2026-07-12,2021,NA,3458,NA,NA,NA
matthews_g,scholar,2026-07-12,2022,NA,3260,NA,NA,NA
matthews_g,scholar,2026-07-12,2023,NA,3212,NA,NA,NA
matthews_g,scholar,2026-07-12,2024,NA,3321,NA,NA,NA
matthews_g,scholar,2026-07-12,2025,NA,3106,NA,NA,NA
matthews_g,scholar,2026-07-12,2026,NA,1484,NA,NA,NA
tangney_j,scholar,2026-07-12,1995,NA,190,NA,NA,NA
tangney_j,scholar,2026-07-12,1996,NA,233,NA,NA,NA
tangney_j,scholar,2026-07-12,1997,NA,302,NA,NA,NA
tangney_j,scholar,2026-07-12,1998,NA,325,NA,NA,NA
tangney_j,scholar,2026-07-12,1999,NA,389,NA,NA,NA
tangney_j,scholar,2026-07-12,2000,NA,420,NA,NA,NA
tangney_j,scholar,2026-07-12,2001,NA,431,NA,NA,NA
tangney_j,scholar,2026-07-12,2002,NA,574,NA,NA,NA
tangney_j,scholar,2026-07-12,2003,NA,695,NA,NA,NA
tangney_j,scholar,2026-07-12,2004,NA,723,NA,NA,NA
tangney_j,scholar,2026-07-12,2005,NA,794,NA,NA,NA
tangney_j,scholar,2026-07-12,2006,NA,831,NA,NA,NA
tangney_j,scholar,2026-07-12,2007,NA,1281,NA,NA,NA
tangney_j,scholar,2026-07-12,2008,NA,1186,NA,NA,NA
tangney_j,scholar,2026-07-12,2009,NA,1305,NA,NA,NA
tangney_j,scholar,2026-07-12,2010,NA,1599,NA,NA,NA
tangney_j,scholar,2026-07-12,2011,NA,2070,NA,NA,NA
tangney_j,scholar,2026-07-12,2012,NA,2176,NA,NA,NA
tangney_j,scholar,2026-07-12,2013,NA,2440,NA,NA,NA
tangney_j,scholar,2026-07-12,2014,NA,2799,NA,NA,NA
tangney_j,scholar,2026-07-12,2015,NA,2940,NA,NA,NA
tangney_j,scholar,2026-07-12,2016,NA,3177,NA,NA,NA
tangney_j,scholar,2026-07-12,2017,NA,3520,NA,NA,NA
tangney_j,scholar,2026-07-12,2018,NA,3591,NA,NA,NA
tangney_j,scholar,2026-07-12,2019,NA,3807,NA,NA,NA
tangney_j,scholar,2026-07-12,2020,NA,3969,NA,NA,NA
tangney_j,scholar,2026-07-12,2021,NA,4049,NA,NA,NA
tangney_j,scholar,2026-07-12,2022,NA,4011,NA,NA,NA
tangney_j,scholar,2026-07-12,2023,NA,4075,NA,NA,NA
tangney_j,scholar,2026-07-12,2024,NA,3938,NA,NA,NA
tangney_j,scholar,2026-07-12,2025,NA,4102,NA,NA,NA
tangney_j,scholar,2026-07-12,2026,NA,2247,NA,NA,NA
rupp_d,scholar,2026-07-12,2004,NA,118,NA,NA,NA
rupp_d,scholar,2026-07-12,2005,NA,164,NA,NA,NA
rupp_d,scholar,2026-07-12,2006,NA,283,NA,NA,NA
rupp_d,scholar,2026-07-12,2007,NA,368,NA,NA,NA
rupp_d,scholar,2026-07-12,2008,NA,552,NA,NA,NA
rupp_d,scholar,2026-07-12,2009,NA,737,NA,NA,NA
rupp_d,scholar,2026-07-12,2010,NA,818,NA,NA,NA
rupp_d,scholar,2026-07-12,2011,NA,1086,NA,NA,NA
rupp_d,scholar,2026-07-12,2012,NA,1197,NA,NA,NA
rupp_d,scholar,2026-07-12,2013,NA,1529,NA,NA,NA
rupp_d,scholar,2026-07-12,2014,NA,1727,NA,NA,NA
rupp_d,scholar,2026-07-12,2015,NA,2009,NA,NA,NA
rupp_d,scholar,2026-07-12,2016,NA,1967,NA,NA,NA
rupp_d,scholar,2026-07-12,2017,NA,2171,NA,NA,NA
rupp_d,scholar,2026-07-12,2018,NA,2247,NA,NA,NA
rupp_d,scholar,2026-07-12,2019,NA,2559,NA,NA,NA
rupp_d,scholar,2026-07-12,2020,NA,2494,NA,NA,NA
rupp_d,scholar,2026-07-12,2021,NA,2635,NA,NA,NA
rupp_d,scholar,2026-07-12,2022,NA,2586,NA,NA,NA
rupp_d,scholar,2026-07-12,2023,NA,2662,NA,NA,NA
rupp_d,scholar,2026-07-12,2024,NA,2485,NA,NA,NA
rupp_d,scholar,2026-07-12,2025,NA,2627,NA,NA,NA
rupp_d,scholar,2026-07-12,2026,NA,1359,NA,NA,NA
zaccaro_s,scholar,2026-07-12,1995,NA,120,NA,NA,NA
zaccaro_s,scholar,2026-07-12,1996,NA,131,NA,NA,NA
zaccaro_s,scholar,2026-07-12,1997,NA,141,NA,NA,NA
zaccaro_s,scholar,2026-07-12,1998,NA,112,NA,NA,NA
zaccaro_s,scholar,2026-07-12,1999,NA,158,NA,NA,NA
zaccaro_s,scholar,2026-07-12,2000,NA,253,NA,NA,NA
zaccaro_s,scholar,2026-07-12,2001,NA,282,NA,NA,NA
zaccaro_s,scholar,2026-07-12,2002,NA,333,NA,NA,NA
zaccaro_s,scholar,2026-07-12,2003,NA,442,NA,NA,NA
zaccaro_s,scholar,2026-07-12,2004,NA,636,NA,NA,NA
zaccaro_s,scholar,2026-07-12,2005,NA,616,NA,NA,NA
zaccaro_s,scholar,2026-07-12,2006,NA,774,NA,NA,NA
zaccaro_s,scholar,2026-07-12,2007,NA,840,NA,NA,NA
zaccaro_s,scholar,2026-07-12,2008,NA,1171,NA,NA,NA
zaccaro_s,scholar,2026-07-12,2009,NA,1095,NA,NA,NA
zaccaro_s,scholar,2026-07-12,2010,NA,1221,NA,NA,NA
zaccaro_s,scholar,2026-07-12,2011,NA,1465,NA,NA,NA
zaccaro_s,scholar,2026-07-12,2012,NA,1830,NA,NA,NA
zaccaro_s,scholar,2026-07-12,2013,NA,1784,NA,NA,NA
zaccaro_s,scholar,2026-07-12,2014,NA,2064,NA,NA,NA
zaccaro_s,scholar,2026-07-12,2015,NA,2141,NA,NA,NA
zaccaro_s,scholar,2026-07-12,2016,NA,2214,NA,NA,NA
zaccaro_s,scholar,2026-07-12,2017,NA,2401,NA,NA,NA
zaccaro_s,scholar,2026-07-12,2018,NA,2286,NA,NA,NA
zaccaro_s,scholar,2026-07-12,2019,NA,2286,NA,NA,NA
zaccaro_s,scholar,2026-07-12,2020,NA,2369,NA,NA,NA
zaccaro_s,scholar,2026-07-12,2021,NA,2520,NA,NA,NA
zaccaro_s,scholar,2026-07-12,2022,NA,2256,NA,NA,NA
zaccaro_s,scholar,2026-07-12,2023,NA,2336,NA,NA,NA
zaccaro_s,scholar,2026-07-12,2024,NA,2185,NA,NA,NA
zaccaro_s,scholar,2026-07-12,2025,NA,2016,NA,NA,NA
zaccaro_s,scholar,2026-07-12,2026,NA,1065,NA,NA,NA
renshaw_k,scholar,2026-07-12,2008,NA,29,NA,NA,NA
renshaw_k,scholar,2026-07-12,2009,NA,47,NA,NA,NA
renshaw_k,scholar,2026-07-12,2010,NA,64,NA,NA,NA
renshaw_k,scholar,2026-07-12,2011,NA,123,NA,NA,NA
renshaw_k,scholar,2026-07-12,2012,NA,168,NA,NA,NA
renshaw_k,scholar,2026-07-12,2013,NA,205,NA,NA,NA
renshaw_k,scholar,2026-07-12,2014,NA,282,NA,NA,NA
renshaw_k,scholar,2026-07-12,2015,NA,313,NA,NA,NA
renshaw_k,scholar,2026-07-12,2016,NA,422,NA,NA,NA
renshaw_k,scholar,2026-07-12,2017,NA,447,NA,NA,NA
renshaw_k,scholar,2026-07-12,2018,NA,490,NA,NA,NA
renshaw_k,scholar,2026-07-12,2019,NA,502,NA,NA,NA
renshaw_k,scholar,2026-07-12,2020,NA,575,NA,NA,NA
renshaw_k,scholar,2026-07-12,2021,NA,537,NA,NA,NA
renshaw_k,scholar,2026-07-12,2022,NA,594,NA,NA,NA
renshaw_k,scholar,2026-07-12,2023,NA,642,NA,NA,NA
renshaw_k,scholar,2026-07-12,2024,NA,615,NA,NA,NA
renshaw_k,scholar,2026-07-12,2025,NA,589,NA,NA,NA
renshaw_k,scholar,2026-07-12,2026,NA,287,NA,NA,NA
winsler_a,scholar,2026-07-12,1997,NA,49,NA,NA,NA
winsler_a,scholar,2026-07-12,1998,NA,83,NA,NA,NA
winsler_a,scholar,2026-07-12,1999,NA,95,NA,NA,NA
winsler_a,scholar,2026-07-12,2000,NA,98,NA,NA,NA
winsler_a,scholar,2026-07-12,2001,NA,114,NA,NA,NA
winsler_a,scholar,2026-07-12,2002,NA,140,NA,NA,NA
winsler_a,scholar,2026-07-12,2003,NA,192,NA,NA,NA
winsler_a,scholar,2026-07-12,2004,NA,133,NA,NA,NA
winsler_a,scholar,2026-07-12,2005,NA,210,NA,NA,NA
winsler_a,scholar,2026-07-12,2006,NA,213,NA,NA,NA
winsler_a,scholar,2026-07-12,2007,NA,263,NA,NA,NA
winsler_a,scholar,2026-07-12,2008,NA,338,NA,NA,NA
winsler_a,scholar,2026-07-12,2009,NA,399,NA,NA,NA
winsler_a,scholar,2026-07-12,2010,NA,384,NA,NA,NA
winsler_a,scholar,2026-07-12,2011,NA,508,NA,NA,NA
winsler_a,scholar,2026-07-12,2012,NA,610,NA,NA,NA
winsler_a,scholar,2026-07-12,2013,NA,634,NA,NA,NA
winsler_a,scholar,2026-07-12,2014,NA,750,NA,NA,NA
winsler_a,scholar,2026-07-12,2015,NA,801,NA,NA,NA
winsler_a,scholar,2026-07-12,2016,NA,986,NA,NA,NA
winsler_a,scholar,2026-07-12,2017,NA,981,NA,NA,NA
winsler_a,scholar,2026-07-12,2018,NA,1195,NA,NA,NA
winsler_a,scholar,2026-07-12,2019,NA,1137,NA,NA,NA
winsler_a,scholar,2026-07-12,2020,NA,1204,NA,NA,NA
winsler_a,scholar,2026-07-12,2021,NA,1270,NA,NA,NA
winsler_a,scholar,2026-07-12,2022,NA,1391,NA,NA,NA
winsler_a,scholar,2026-07-12,2023,NA,1515,NA,NA,NA
winsler_a,scholar,2026-07-12,2024,NA,1439,NA,NA,NA
winsler_a,scholar,2026-07-12,2025,NA,1438,NA,NA,NA
winsler_a,scholar,2026-07-12,2026,NA,669,NA,NA,NA
wiener_m,scholar,2026-07-12,2010,NA,36,NA,NA,NA
wiener_m,scholar,2026-07-12,2011,NA,86,NA,NA,NA
wiener_m,scholar,2026-07-12,2012,NA,120,NA,NA,NA
wiener_m,scholar,2026-07-12,2013,NA,182,NA,NA,NA
wiener_m,scholar,2026-07-12,2014,NA,262,NA,NA,NA
wiener_m,scholar,2026-07-12,2015,NA,214,NA,NA,NA
wiener_m,scholar,2026-07-12,2016,NA,279,NA,NA,NA
wiener_m,scholar,2026-07-12,2017,NA,257,NA,NA,NA
wiener_m,scholar,2026-07-12,2018,NA,277,NA,NA,NA
wiener_m,scholar,2026-07-12,2019,NA,263,NA,NA,NA
wiener_m,scholar,2026-07-12,2020,NA,297,NA,NA,NA
wiener_m,scholar,2026-07-12,2021,NA,351,NA,NA,NA
wiener_m,scholar,2026-07-12,2022,NA,372,NA,NA,NA
wiener_m,scholar,2026-07-12,2023,NA,353,NA,NA,NA
wiener_m,scholar,2026-07-12,2024,NA,447,NA,NA,NA
wiener_m,scholar,2026-07-12,2025,NA,410,NA,NA,NA
wiener_m,scholar,2026-07-12,2026,NA,261,NA,NA,NA
sheridan_k,scholar,2026-07-12,2007,NA,17,NA,NA,NA
sheridan_k,scholar,2026-07-12,2008,NA,45,NA,NA,NA
sheridan_k,scholar,2026-07-12,2009,NA,50,NA,NA,NA
sheridan_k,scholar,2026-07-12,2010,NA,95,NA,NA,NA
sheridan_k,scholar,2026-07-12,2011,NA,89,NA,NA,NA
sheridan_k,scholar,2026-07-12,2012,NA,86,NA,NA,NA
sheridan_k,scholar,2026-07-12,2013,NA,146,NA,NA,NA
sheridan_k,scholar,2026-07-12,2014,NA,161,NA,NA,NA
sheridan_k,scholar,2026-07-12,2015,NA,201,NA,NA,NA
sheridan_k,scholar,2026-07-12,2016,NA,343,NA,NA,NA
sheridan_k,scholar,2026-07-12,2017,NA,512,NA,NA,NA
sheridan_k,scholar,2026-07-12,2018,NA,526,NA,NA,NA
sheridan_k,scholar,2026-07-12,2019,NA,637,NA,NA,NA
sheridan_k,scholar,2026-07-12,2020,NA,688,NA,NA,NA
sheridan_k,scholar,2026-07-12,2021,NA,569,NA,NA,NA
sheridan_k,scholar,2026-07-12,2022,NA,549,NA,NA,NA
sheridan_k,scholar,2026-07-12,2023,NA,605,NA,NA,NA
sheridan_k,scholar,2026-07-12,2024,NA,553,NA,NA,NA
sheridan_k,scholar,2026-07-12,2025,NA,597,NA,NA,NA
sheridan_k,scholar,2026-07-12,2026,NA,276,NA,NA,NA
stagl_k,scholar,2026-07-12,2006,NA,47,NA,NA,NA
stagl_k,scholar,2026-07-12,2007,NA,85,NA,NA,NA
stagl_k,scholar,2026-07-12,2008,NA,161,NA,NA,NA
stagl_k,scholar,2026-07-12,2009,NA,117,NA,NA,NA
stagl_k,scholar,2026-07-12,2010,NA,247,NA,NA,NA
stagl_k,scholar,2026-07-12,2011,NA,246,NA,NA,NA
stagl_k,scholar,2026-07-12,2012,NA,340,NA,NA,NA
stagl_k,scholar,2026-07-12,2013,NA,337,NA,NA,NA
stagl_k,scholar,2026-07-12,2014,NA,372,NA,NA,NA
stagl_k,scholar,2026-07-12,2015,NA,380,NA,NA,NA
stagl_k,scholar,2026-07-12,2016,NA,409,NA,NA,NA
stagl_k,scholar,2026-07-12,2017,NA,469,NA,NA,NA
stagl_k,scholar,2026-07-12,2018,NA,483,NA,NA,NA
stagl_k,scholar,2026-07-12,2019,NA,402,NA,NA,NA
stagl_k,scholar,2026-07-12,2020,NA,386,NA,NA,NA
stagl_k,scholar,2026-07-12,2021,NA,362,NA,NA,NA
stagl_k,scholar,2026-07-12,2022,NA,310,NA,NA,NA
stagl_k,scholar,2026-07-12,2023,NA,367,NA,NA,NA
stagl_k,scholar,2026-07-12,2024,NA,344,NA,NA,NA
stagl_k,scholar,2026-07-12,2025,NA,362,NA,NA,NA
stagl_k,scholar,2026-07-12,2026,NA,164,NA,NA,NA
peterson_m,scholar,2026-07-12,2001,NA,49,NA,NA,NA
peterson_m,scholar,2026-07-12,2002,NA,19,NA,NA,NA
peterson_m,scholar,2026-07-12,2003,NA,50,NA,NA,NA
peterson_m,scholar,2026-07-12,2004,NA,48,NA,NA,NA
peterson_m,scholar,2026-07-12,2005,NA,73,NA,NA,NA
peterson_m,scholar,2026-07-12,2006,NA,127,NA,NA,NA
peterson_m,scholar,2026-07-12,2007,NA,197,NA,NA,NA
peterson_m,scholar,2026-07-12,2008,NA,208,NA,NA,NA
peterson_m,scholar,2026-07-12,2009,NA,217,NA,NA,NA
peterson_m,scholar,2026-07-12,2010,NA,243,NA,NA,NA
peterson_m,scholar,2026-07-12,2011,NA,282,NA,NA,NA
peterson_m,scholar,2026-07-12,2012,NA,290,NA,NA,NA
peterson_m,scholar,2026-07-12,2013,NA,246,NA,NA,NA
peterson_m,scholar,2026-07-12,2014,NA,283,NA,NA,NA
peterson_m,scholar,2026-07-12,2015,NA,234,NA,NA,NA
peterson_m,scholar,2026-07-12,2016,NA,258,NA,NA,NA
peterson_m,scholar,2026-07-12,2017,NA,304,NA,NA,NA
peterson_m,scholar,2026-07-12,2018,NA,202,NA,NA,NA
peterson_m,scholar,2026-07-12,2019,NA,229,NA,NA,NA
peterson_m,scholar,2026-07-12,2020,NA,200,NA,NA,NA
peterson_m,scholar,2026-07-12,2021,NA,211,NA,NA,NA
peterson_m,scholar,2026-07-12,2022,NA,152,NA,NA,NA
peterson_m,scholar,2026-07-12,2023,NA,157,NA,NA,NA
peterson_m,scholar,2026-07-12,2024,NA,169,NA,NA,NA
peterson_m,scholar,2026-07-12,2025,NA,172,NA,NA,NA
peterson_m,scholar,2026-07-12,2026,NA,108,NA,NA,NA
mcdonald_c,scholar,2026-07-12,2000,NA,14,NA,NA,NA
mcdonald_c,scholar,2026-07-12,2001,NA,12,NA,NA,NA
mcdonald_c,scholar,2026-07-12,2002,NA,8,NA,NA,NA
mcdonald_c,scholar,2026-07-12,2003,NA,4,NA,NA,NA
mcdonald_c,scholar,2026-07-12,2004,NA,17,NA,NA,NA
mcdonald_c,scholar,2026-07-12,2005,NA,4,NA,NA,NA
mcdonald_c,scholar,2026-07-12,2006,NA,11,NA,NA,NA
mcdonald_c,scholar,2026-07-12,2007,NA,25,NA,NA,NA
mcdonald_c,scholar,2026-07-12,2008,NA,38,NA,NA,NA
mcdonald_c,scholar,2026-07-12,2009,NA,60,NA,NA,NA
mcdonald_c,scholar,2026-07-12,2010,NA,48,NA,NA,NA
mcdonald_c,scholar,2026-07-12,2011,NA,46,NA,NA,NA
mcdonald_c,scholar,2026-07-12,2012,NA,78,NA,NA,NA
mcdonald_c,scholar,2026-07-12,2013,NA,104,NA,NA,NA
mcdonald_c,scholar,2026-07-12,2014,NA,134,NA,NA,NA
mcdonald_c,scholar,2026-07-12,2015,NA,181,NA,NA,NA
mcdonald_c,scholar,2026-07-12,2016,NA,172,NA,NA,NA
mcdonald_c,scholar,2026-07-12,2017,NA,137,NA,NA,NA
mcdonald_c,scholar,2026-07-12,2018,NA,163,NA,NA,NA
mcdonald_c,scholar,2026-07-12,2019,NA,181,NA,NA,NA
mcdonald_c,scholar,2026-07-12,2020,NA,193,NA,NA,NA
mcdonald_c,scholar,2026-07-12,2021,NA,184,NA,NA,NA
mcdonald_c,scholar,2026-07-12,2022,NA,184,NA,NA,NA
mcdonald_c,scholar,2026-07-12,2023,NA,207,NA,NA,NA
mcdonald_c,scholar,2026-07-12,2024,NA,173,NA,NA,NA
mcdonald_c,scholar,2026-07-12,2025,NA,165,NA,NA,NA
mcdonald_c,scholar,2026-07-12,2026,NA,73,NA,NA,NA
mcquaid_g,scholar,2026-07-12,2017,NA,3,NA,NA,NA
mcquaid_g,scholar,2026-07-12,2018,NA,3,NA,NA,NA
mcquaid_g,scholar,2026-07-12,2019,NA,3,NA,NA,NA
mcquaid_g,scholar,2026-07-12,2020,NA,13,NA,NA,NA
mcquaid_g,scholar,2026-07-12,2021,NA,15,NA,NA,NA
mcquaid_g,scholar,2026-07-12,2022,NA,64,NA,NA,NA
mcquaid_g,scholar,2026-07-12,2023,NA,128,NA,NA,NA
mcquaid_g,scholar,2026-07-12,2024,NA,235,NA,NA,NA
mcquaid_g,scholar,2026-07-12,2025,NA,424,NA,NA,NA
mcquaid_g,scholar,2026-07-12,2026,NA,257,NA,NA,NA
melley_a,scholar,2026-07-12,2003,NA,1,NA,NA,NA
melley_a,scholar,2026-07-12,2004,NA,4,NA,NA,NA
melley_a,scholar,2026-07-12,2005,NA,6,NA,NA,NA
melley_a,scholar,2026-07-12,2006,NA,10,NA,NA,NA
melley_a,scholar,2026-07-12,2007,NA,12,NA,NA,NA
melley_a,scholar,2026-07-12,2008,NA,11,NA,NA,NA
melley_a,scholar,2026-07-12,2009,NA,5,NA,NA,NA
melley_a,scholar,2026-07-12,2010,NA,13,NA,NA,NA
melley_a,scholar,2026-07-12,2011,NA,9,NA,NA,NA
melley_a,scholar,2026-07-12,2012,NA,8,NA,NA,NA
melley_a,scholar,2026-07-12,2013,NA,16,NA,NA,NA
melley_a,scholar,2026-07-12,2014,NA,17,NA,NA,NA
melley_a,scholar,2026-07-12,2015,NA,12,NA,NA,NA
melley_a,scholar,2026-07-12,2016,NA,12,NA,NA,NA
melley_a,scholar,2026-07-12,2017,NA,16,NA,NA,NA
melley_a,scholar,2026-07-12,2018,NA,17,NA,NA,NA
melley_a,scholar,2026-07-12,2019,NA,20,NA,NA,NA
melley_a,scholar,2026-07-12,2020,NA,21,NA,NA,NA
melley_a,scholar,2026-07-12,2021,NA,19,NA,NA,NA
melley_a,scholar,2026-07-12,2022,NA,19,NA,NA,NA
melley_a,scholar,2026-07-12,2023,NA,10,NA,NA,NA
melley_a,scholar,2026-07-12,2024,NA,14,NA,NA,NA
melley_a,scholar,2026-07-12,2025,NA,13,NA,NA,NA
melley_a,scholar,2026-07-12,2026,NA,3,NA,NA,NA
roesler_e,scholar,2026-07-12,2020,NA,12,NA,NA,NA
roesler_e,scholar,2026-07-12,2021,NA,43,NA,NA,NA
roesler_e,scholar,2026-07-12,2022,NA,147,NA,NA,NA
roesler_e,scholar,2026-07-12,2023,NA,221,NA,NA,NA
roesler_e,scholar,2026-07-12,2024,NA,329,NA,NA,NA
roesler_e,scholar,2026-07-12,2025,NA,549,NA,NA,NA
roesler_e,scholar,2026-07-12,2026,NA,414,NA,NA,NA
phillips_e,scholar,2026-07-12,2012,NA,14,NA,NA,NA
phillips_e,scholar,2026-07-12,2013,NA,44,NA,NA,NA
phillips_e,scholar,2026-07-12,2014,NA,28,NA,NA,NA
phillips_e,scholar,2026-07-12,2015,NA,18,NA,NA,NA
phillips_e,scholar,2026-07-12,2016,NA,53,NA,NA,NA
phillips_e,scholar,2026-07-12,2017,NA,34,NA,NA,NA
phillips_e,scholar,2026-07-12,2018,NA,76,NA,NA,NA
phillips_e,scholar,2026-07-12,2019,NA,152,NA,NA,NA
phillips_e,scholar,2026-07-12,2020,NA,267,NA,NA,NA
phillips_e,scholar,2026-07-12,2021,NA,319,NA,NA,NA
phillips_e,scholar,2026-07-12,2022,NA,396,NA,NA,NA
phillips_e,scholar,2026-07-12,2023,NA,556,NA,NA,NA
phillips_e,scholar,2026-07-12,2024,NA,648,NA,NA,NA
phillips_e,scholar,2026-07-12,2025,NA,696,NA,NA,NA
phillips_e,scholar,2026-07-12,2026,NA,339,NA,NA,NA
sanchez_a,scholar,2026-07-12,2015,NA,7,NA,NA,NA
sanchez_a,scholar,2026-07-12,2016,NA,12,NA,NA,NA
sanchez_a,scholar,2026-07-12,2017,NA,21,NA,NA,NA
sanchez_a,scholar,2026-07-12,2018,NA,73,NA,NA,NA
sanchez_a,scholar,2026-07-12,2019,NA,112,NA,NA,NA
sanchez_a,scholar,2026-07-12,2020,NA,149,NA,NA,NA
sanchez_a,scholar,2026-07-12,2021,NA,226,NA,NA,NA
sanchez_a,scholar,2026-07-12,2022,NA,277,NA,NA,NA
sanchez_a,scholar,2026-07-12,2023,NA,274,NA,NA,NA
sanchez_a,scholar,2026-07-12,2024,NA,307,NA,NA,NA
sanchez_a,scholar,2026-07-12,2025,NA,342,NA,NA,NA
sanchez_a,scholar,2026-07-12,2026,NA,188,NA,NA,NA
short_j,scholar,2026-07-12,1989,NA,8,NA,NA,NA
short_j,scholar,2026-07-12,1990,NA,15,NA,NA,NA
short_j,scholar,2026-07-12,1991,NA,23,NA,NA,NA
short_j,scholar,2026-07-12,1992,NA,20,NA,NA,NA
short_j,scholar,2026-07-12,1993,NA,27,NA,NA,NA
short_j,scholar,2026-07-12,1994,NA,22,NA,NA,NA
short_j,scholar,2026-07-12,1995,NA,38,NA,NA,NA
short_j,scholar,2026-07-12,1996,NA,27,NA,NA,NA
short_j,scholar,2026-07-12,1997,NA,35,NA,NA,NA
short_j,scholar,2026-07-12,1998,NA,39,NA,NA,NA
short_j,scholar,2026-07-12,1999,NA,39,NA,NA,NA
short_j,scholar,2026-07-12,2000,NA,44,NA,NA,NA
short_j,scholar,2026-07-12,2001,NA,37,NA,NA,NA
short_j,scholar,2026-07-12,2002,NA,50,NA,NA,NA
short_j,scholar,2026-07-12,2003,NA,43,NA,NA,NA
short_j,scholar,2026-07-12,2004,NA,35,NA,NA,NA
short_j,scholar,2026-07-12,2005,NA,43,NA,NA,NA
short_j,scholar,2026-07-12,2006,NA,41,NA,NA,NA
short_j,scholar,2026-07-12,2007,NA,30,NA,NA,NA
short_j,scholar,2026-07-12,2008,NA,38,NA,NA,NA
short_j,scholar,2026-07-12,2009,NA,43,NA,NA,NA
short_j,scholar,2026-07-12,2010,NA,45,NA,NA,NA
short_j,scholar,2026-07-12,2011,NA,33,NA,NA,NA
short_j,scholar,2026-07-12,2012,NA,35,NA,NA,NA
short_j,scholar,2026-07-12,2013,NA,35,NA,NA,NA
short_j,scholar,2026-07-12,2014,NA,40,NA,NA,NA
short_j,scholar,2026-07-12,2015,NA,55,NA,NA,NA
short_j,scholar,2026-07-12,2016,NA,75,NA,NA,NA
short_j,scholar,2026-07-12,2017,NA,104,NA,NA,NA
short_j,scholar,2026-07-12,2018,NA,130,NA,NA,NA
short_j,scholar,2026-07-12,2019,NA,150,NA,NA,NA
short_j,scholar,2026-07-12,2020,NA,180,NA,NA,NA
short_j,scholar,2026-07-12,2021,NA,237,NA,NA,NA
short_j,scholar,2026-07-12,2022,NA,231,NA,NA,NA
short_j,scholar,2026-07-12,2023,NA,251,NA,NA,NA
short_j,scholar,2026-07-12,2024,NA,275,NA,NA,NA
short_j,scholar,2026-07-12,2025,NA,229,NA,NA,NA
short_j,scholar,2026-07-12,2026,NA,125,NA,NA,NA
stuewig_j,scholar,2026-07-12,2006,NA,73,NA,NA,NA
stuewig_j,scholar,2026-07-12,2007,NA,91,NA,NA,NA
stuewig_j,scholar,2026-07-12,2008,NA,155,NA,NA,NA
stuewig_j,scholar,2026-07-12,2009,NA,194,NA,NA,NA
stuewig_j,scholar,2026-07-12,2010,NA,231,NA,NA,NA
stuewig_j,scholar,2026-07-12,2011,NA,370,NA,NA,NA
stuewig_j,scholar,2026-07-12,2012,NA,364,NA,NA,NA
stuewig_j,scholar,2026-07-12,2013,NA,525,NA,NA,NA
stuewig_j,scholar,2026-07-12,2014,NA,626,NA,NA,NA
stuewig_j,scholar,2026-07-12,2015,NA,641,NA,NA,NA
stuewig_j,scholar,2026-07-12,2016,NA,769,NA,NA,NA
stuewig_j,scholar,2026-07-12,2017,NA,774,NA,NA,NA
stuewig_j,scholar,2026-07-12,2018,NA,839,NA,NA,NA
stuewig_j,scholar,2026-07-12,2019,NA,947,NA,NA,NA
stuewig_j,scholar,2026-07-12,2020,NA,978,NA,NA,NA
stuewig_j,scholar,2026-07-12,2021,NA,1033,NA,NA,NA
stuewig_j,scholar,2026-07-12,2022,NA,1123,NA,NA,NA
stuewig_j,scholar,2026-07-12,2023,NA,1015,NA,NA,NA
stuewig_j,scholar,2026-07-12,2024,NA,1064,NA,NA,NA
stuewig_j,scholar,2026-07-12,2025,NA,1115,NA,NA,NA
stuewig_j,scholar,2026-07-12,2026,NA,648,NA,NA,NA
tonge_n,scholar,2026-07-12,2010,NA,6,NA,NA,NA
tonge_n,scholar,2026-07-12,2011,NA,17,NA,NA,NA
tonge_n,scholar,2026-07-12,2012,NA,11,NA,NA,NA
tonge_n,scholar,2026-07-12,2013,NA,19,NA,NA,NA
tonge_n,scholar,2026-07-12,2014,NA,25,NA,NA,NA
tonge_n,scholar,2026-07-12,2015,NA,25,NA,NA,NA
tonge_n,scholar,2026-07-12,2016,NA,47,NA,NA,NA
tonge_n,scholar,2026-07-12,2017,NA,32,NA,NA,NA
tonge_n,scholar,2026-07-12,2018,NA,37,NA,NA,NA
tonge_n,scholar,2026-07-12,2019,NA,101,NA,NA,NA
tonge_n,scholar,2026-07-12,2020,NA,109,NA,NA,NA
tonge_n,scholar,2026-07-12,2021,NA,97,NA,NA,NA
tonge_n,scholar,2026-07-12,2022,NA,103,NA,NA,NA
tonge_n,scholar,2026-07-12,2023,NA,115,NA,NA,NA
tonge_n,scholar,2026-07-12,2024,NA,135,NA,NA,NA
tonge_n,scholar,2026-07-12,2025,NA,128,NA,NA,NA
tonge_n,scholar,2026-07-12,2026,NA,86,NA,NA,NA
mehlenbeck_r,scholar,2026-07-12,2002,NA,8,NA,NA,NA
mehlenbeck_r,scholar,2026-07-12,2003,NA,13,NA,NA,NA
mehlenbeck_r,scholar,2026-07-12,2004,NA,17,NA,NA,NA
mehlenbeck_r,scholar,2026-07-12,2005,NA,18,NA,NA,NA
mehlenbeck_r,scholar,2026-07-12,2006,NA,21,NA,NA,NA
mehlenbeck_r,scholar,2026-07-12,2007,NA,44,NA,NA,NA
mehlenbeck_r,scholar,2026-07-12,2008,NA,59,NA,NA,NA
mehlenbeck_r,scholar,2026-07-12,2009,NA,68,NA,NA,NA
mehlenbeck_r,scholar,2026-07-12,2010,NA,74,NA,NA,NA
mehlenbeck_r,scholar,2026-07-12,2011,NA,93,NA,NA,NA
mehlenbeck_r,scholar,2026-07-12,2012,NA,115,NA,NA,NA
mehlenbeck_r,scholar,2026-07-12,2013,NA,135,NA,NA,NA
mehlenbeck_r,scholar,2026-07-12,2014,NA,121,NA,NA,NA
mehlenbeck_r,scholar,2026-07-12,2015,NA,116,NA,NA,NA
mehlenbeck_r,scholar,2026-07-12,2016,NA,116,NA,NA,NA
mehlenbeck_r,scholar,2026-07-12,2017,NA,122,NA,NA,NA
mehlenbeck_r,scholar,2026-07-12,2018,NA,138,NA,NA,NA
mehlenbeck_r,scholar,2026-07-12,2019,NA,132,NA,NA,NA
mehlenbeck_r,scholar,2026-07-12,2020,NA,127,NA,NA,NA
mehlenbeck_r,scholar,2026-07-12,2021,NA,136,NA,NA,NA
mehlenbeck_r,scholar,2026-07-12,2022,NA,135,NA,NA,NA
mehlenbeck_r,scholar,2026-07-12,2023,NA,153,NA,NA,NA
mehlenbeck_r,scholar,2026-07-12,2024,NA,137,NA,NA,NA
mehlenbeck_r,scholar,2026-07-12,2025,NA,111,NA,NA,NA
mehlenbeck_r,scholar,2026-07-12,2026,NA,67,NA,NA,NA
shaw_t,scholar,2026-07-12,2008,NA,19,NA,NA,NA
shaw_t,scholar,2026-07-12,2009,NA,26,NA,NA,NA
shaw_t,scholar,2026-07-12,2010,NA,40,NA,NA,NA
shaw_t,scholar,2026-07-12,2011,NA,67,NA,NA,NA
shaw_t,scholar,2026-07-12,2012,NA,70,NA,NA,NA
shaw_t,scholar,2026-07-12,2013,NA,124,NA,NA,NA
shaw_t,scholar,2026-07-12,2014,NA,144,NA,NA,NA
shaw_t,scholar,2026-07-12,2015,NA,176,NA,NA,NA
shaw_t,scholar,2026-07-12,2016,NA,113,NA,NA,NA
shaw_t,scholar,2026-07-12,2017,NA,151,NA,NA,NA
shaw_t,scholar,2026-07-12,2018,NA,157,NA,NA,NA
shaw_t,scholar,2026-07-12,2019,NA,263,NA,NA,NA
shaw_t,scholar,2026-07-12,2020,NA,211,NA,NA,NA
shaw_t,scholar,2026-07-12,2021,NA,296,NA,NA,NA
shaw_t,scholar,2026-07-12,2022,NA,361,NA,NA,NA
shaw_t,scholar,2026-07-12,2023,NA,485,NA,NA,NA
shaw_t,scholar,2026-07-12,2024,NA,569,NA,NA,NA
shaw_t,scholar,2026-07-12,2025,NA,702,NA,NA,NA
shaw_t,scholar,2026-07-12,2026,NA,412,NA,NA,NA
thompson_j,scholar,2026-07-12,2001,NA,15,NA,NA,NA
thompson_j,scholar,2026-07-12,2002,NA,10,NA,NA,NA
thompson_j,scholar,2026-07-12,2003,NA,11,NA,NA,NA
thompson_j,scholar,2026-07-12,2004,NA,30,NA,NA,NA
thompson_j,scholar,2026-07-12,2005,NA,36,NA,NA,NA
thompson_j,scholar,2026-07-12,2006,NA,59,NA,NA,NA
thompson_j,scholar,2026-07-12,2007,NA,78,NA,NA,NA
thompson_j,scholar,2026-07-12,2008,NA,88,NA,NA,NA
thompson_j,scholar,2026-07-12,2009,NA,110,NA,NA,NA
thompson_j,scholar,2026-07-12,2010,NA,114,NA,NA,NA
thompson_j,scholar,2026-07-12,2011,NA,119,NA,NA,NA
thompson_j,scholar,2026-07-12,2012,NA,143,NA,NA,NA
thompson_j,scholar,2026-07-12,2013,NA,188,NA,NA,NA
thompson_j,scholar,2026-07-12,2014,NA,150,NA,NA,NA
thompson_j,scholar,2026-07-12,2015,NA,202,NA,NA,NA
thompson_j,scholar,2026-07-12,2016,NA,181,NA,NA,NA
thompson_j,scholar,2026-07-12,2017,NA,165,NA,NA,NA
thompson_j,scholar,2026-07-12,2018,NA,214,NA,NA,NA
thompson_j,scholar,2026-07-12,2019,NA,190,NA,NA,NA
thompson_j,scholar,2026-07-12,2020,NA,225,NA,NA,NA
thompson_j,scholar,2026-07-12,2021,NA,262,NA,NA,NA
thompson_j,scholar,2026-07-12,2022,NA,270,NA,NA,NA
thompson_j,scholar,2026-07-12,2023,NA,272,NA,NA,NA
thompson_j,scholar,2026-07-12,2024,NA,254,NA,NA,NA
thompson_j,scholar,2026-07-12,2025,NA,262,NA,NA,NA
thompson_j,scholar,2026-07-12,2026,NA,152,NA,NA,NA
savage_n,scholar,2026-07-12,2015,NA,3,NA,NA,NA
savage_n,scholar,2026-07-12,2016,NA,4,NA,NA,NA
savage_n,scholar,2026-07-12,2017,NA,10,NA,NA,NA
savage_n,scholar,2026-07-12,2018,NA,9,NA,NA,NA
savage_n,scholar,2026-07-12,2019,NA,7,NA,NA,NA
savage_n,scholar,2026-07-12,2020,NA,11,NA,NA,NA
savage_n,scholar,2026-07-12,2021,NA,9,NA,NA,NA
savage_n,scholar,2026-07-12,2022,NA,18,NA,NA,NA
savage_n,scholar,2026-07-12,2023,NA,24,NA,NA,NA
savage_n,scholar,2026-07-12,2024,NA,25,NA,NA,NA
savage_n,scholar,2026-07-12,2025,NA,34,NA,NA,NA
savage_n,scholar,2026-07-12,2026,NA,16,NA,NA,NA
